company_name,company_category
"3 Round Stones, Inc.",Data/Technology
48 Factoring Inc.,Finance & Investment
5PSolutions,Data/Technology
Abt Associates,Research & Consulting
Accela,Governance
Accenture,
AccuWeather,Environment & Weather
Acxiom,Data/Technology
Adaptive,Business & Legal Services
Adobe Digital Government,Data/Technology
Aidin,Healthcare
Alarm.com,Lifestyle & Consumer
Allianz,Finance & Investment
Allied Van Lines,Transportation
AllState Insurance Group,Insurance
Alltuition,Education
Altova,Data/Technology
Amazon Web Services,Data/Technology
American Red Ball Movers,Transportation
Amida Technology Solutions,Healthcare
Analytica,Data/Technology
Apextech LLC,Data/Technology
Appallicious,Data/Technology
Aquicore,Energy
Archimedes Inc.,Healthcare
AreaVibes Inc.,Data/Technology
Arpin Van Lines,Transportation
Arrive Labs,Transportation
ASC Partners,Business & Legal Services
Asset4,Finance & Investment
Atlas Van Lines,Transportation
AtSite,Research & Consulting
"Aunt Bertha, Inc.",Governance
Aureus Sciences (*Now part of Elsevier),Scientific Research
AutoGrid Systems,Energy
Avalara,Finance & Investment
Avvo,Business & Legal Services
Ayasdi,Data/Technology
Azavea,Geospatial/Mapping
BaleFire Global,Data/Technology
Barchart,Data/Technology
Be Informed,Data/Technology
Bekins,Transportation
Berkery Noyes MandASoft,Finance & Investment
Berkshire Hathaway,Finance & Investment
BetterLesson,Education
BillGuard,Finance & Investment
Bing,Data/Technology
Biovia,Scientific Research
BizVizz,Governance
BlackRock,Finance & Investment
Bloomberg,Finance & Investment
Booz Allen Hamilton,Research & Consulting
Boston Consulting Group,Research & Consulting
Boundless,Geospatial/Mapping
Bridgewater,Finance & Investment
Brightscope,Finance & Investment
BuildFax,Business & Legal Services
Buildingeye,Housing/Real Estate
BuildZoom,Housing/Real Estate
Business and Legal Resources,Business & Legal Services
Business Monitor International,Business & Legal Services
"Calcbench, Inc.",Finance & Investment
Cambridge Information Group,Finance & Investment
Cambridge Semantics,Data/Technology
CAN Capital,Finance & Investment
Canon,Data/Technology
Capital Cube,Finance & Investment
Cappex,Education
Captricity,Data/Technology
CareSet Systems,Data/Technology
Careset.com,Data/Technology
CARFAX,Transportation
Caspio,Data/Technology
Castle Biosciences,Scientific Research
CB Insights,Finance & Investment
Ceiba Solutions,Scientific Research
Center for Responsive Politics,Research & Consulting
Cerner,Healthcare
Certara,Scientific Research
CGI,Business & Legal Services
Charles River Associates,Research & Consulting
Charles Schwab Corp.,Finance & Investment
Chemical Abstracts Service,Scientific Research
Child Care Desk,Lifestyle & Consumer
Chubb,Insurance
Citigroup,Finance & Investment
CityScan,Geospatial/Mapping
CitySourced,Governance
Civic Impulse LLC,Governance
Civic Insight,Housing/Real Estate
Civinomics,Governance
Civis Analytics,Data/Technology
Clean Power Finance,Energy
ClearHealthCosts,Healthcare
ClearStory Data,Data/Technology
Climate Corporation,Food & Agriculture
CliniCast,Healthcare
Cloudmade,Geospatial/Mapping
Cloudspyre,Lifestyle & Consumer
Code for America,Governance
Code-N,Data/Technology
Collective IP,"Data/Technology,"
"College Abacus, an ECMC initiative",Finance & Investment
College Board,Education
Compared Care,Healthcare
Compendia Bioscience Life Technologies,Scientific Research
Compliance and Risks,Business & Legal Services
Computer Packages Inc,Data/Technology
CONNECT-DOT LLC.,Lifestyle & Consumer
ConnectEDU,Education
Connotate,Data/Technology
Construction Monitor LLC,Housing/Real Estate
Consumer Reports,Lifestyle & Consumer
CoolClimate,Environment & Weather
Copyright Clearance Center,Business & Legal Services
CoreLogic,Housing/Real Estate
CostQuest,Business & Legal Services
Credit Karma,Finance & Investment
Credit Sesame,Finance & Investment
CrowdANALYTIX,Data/Technology
Dabo Health,Healthcare
DataLogix,Data/Technology
DataMade,Governance
DataMarket,Data/Technology
Datamyne,Data/Technology
DataWeave,Data/Technology
Deloitte,Research & Consulting
DemystData,Finance & Investment
Department of Better Technology,Governance
Development Seed,Governance
"Docket Alarm, Inc.",Business & Legal Services
Dow Jones & Co.,Finance & Investment
Dun & Bradstreet,Business & Legal Services
Earth Networks,Environment & Weather
EarthObserver App,Geospatial/Mapping
Earthquake Alert!,Geospatial/Mapping
Eat Shop Sleep,Lifestyle & Consumer
Ecodesk,Business & Legal Services
eInstitutional,Finance & Investment
Embark,Transportation
EMC,Data/Technology
"Energy Points, Inc.",Energy
Energy Solutions Forum,Energy
Enervee Corporation,Energy
Enigma.io,Data/Technology
Ensco,Energy
Environmental Data Resources,Environment & Weather
Epsilon,Data/Technology
Equal Pay for Women,Business & Legal Services
Equifax,Finance & Investment
Equilar,Data/Technology
Ernst & Young LLP,Finance & Investment
eScholar LLC.,Education
Esri,Geospatial/Mapping
Estately,Housing/Real Estate
Everyday Health,Lifestyle & Consumer
Evidera,Healthcare
Experian,Finance & Investment
"Expert Health Data Programming, Inc.",Healthcare
Exversion,Data/Technology
Ez-XBRL,Finance & Investment
Factset,Finance & Investment
Factual,Data/Technology
Farmers,Insurance
FarmLogs,Food & Agriculture
Fastcase,Business & Legal Services
Fidelity Investments,Finance & Investment
FindTheBest.com,Lifestyle & Consumer
First Fuel Software,Energy
"FirstPoint, Inc.",Business & Legal Services
Fitch,Finance & Investment
FlightAware,Transportation
FlightStats,Transportation
FlightView,Transportation
Food+Tech Connect,Food & Agriculture
Forrester Research,Research & Consulting
Foursquare,Lifestyle & Consumer
Fujitsu,Data/Technology
Funding Circle,Finance & Investment
FutureAdvisor,Finance & Investment
"Fuzion Apps, Inc.",Lifestyle & Consumer
Gallup,Research & Consulting
Galorath Incorporated,Business & Legal Services
Garmin,Geospatial/Mapping
Genability,Energy
GenoSpace,Healthcare
Geofeedia,Geospatial/Mapping
Geolytics,Data/Technology
Geoscape,Lifestyle & Consumer
GetRaised,Finance & Investment
GitHub,Data/Technology
Glassy Media,Governance
Golden Helix,Scientific Research
GoodGuide,Lifestyle & Consumer
Google Maps,Geospatial/Mapping
Google Public Data Explorer,Data/Technology
Government Transaction Services,Finance & Investment
Govini,Governance
GovTribe,Governance
"Govzilla, Inc.",Governance
gRadiant Research LLC,Research & Consulting
Graebel Van Lines,Transportation
"Graematter, Inc.",Data/Technology
Granicus,Governance
GreatSchools,Education
GuideStar,Governance
H3 Biomedicine,Scientific Research
Harris Corporation,Environment & Weather
"HDScores, Inc",Lifestyle & Consumer
Headlight,Data/Technology
Healthgrades,Healthcare
Healthline,Healthcare
HealthMap,Healthcare
"HealthPocket, Inc.",Healthcare
HelloWallet,Finance & Investment
HERE,Geospatial/Mapping
Honest Buildings,Housing/Real Estate
HopStop,Transportation
Housefax,Housing/Real Estate
How's My Offer?,Education
IBM,Data/Technology
ideas42,Research & Consulting
iFactor Consulting,Research & Consulting
IFI CLAIMS Patent Services,Data/Technology
iMedicare,Healthcare
Impact Forecasting (Aon),Insurance
Impaq International,Research & Consulting
Import.io,Data/Technology
IMS Health,Healthcare
InCadence,Data/Technology
indoo.rs,Geospatial/Mapping
InfoCommerce Group,Research & Consulting
Informatica,Data/Technology
InnoCentive,Scientific Research
Innography,Business & Legal Services
Innovest Systems,Finance & Investment
Inovalon,Healthcare
Inrix Traffic,Transportation
Intelius,Business & Legal Services
Intermap Technologies,Geospatial/Mapping
Investormill,Finance & Investment
Iodine,Healthcare
IPHIX,Data/Technology
iRecycle,Environment & Weather
iTriage,Healthcare
IVES Group Inc,Data/Technology
IW Financial,Finance & Investment
JJ Keller,Business & Legal Services
J.P. Morgan Chase,Finance & Investment
"Junar, Inc.",Data/Technology
Junyo,Education
Jurispect,Business & Legal Services
Kaiser Permanante,Healthcare
karmadata,Healthcare
Keychain Logistics Corp.,Transportation
"KidAdmit, Inc.",Education
Kimono Labs,Data/Technology
KLD Research,Finance & Investment
Knoema,Data/Technology
Knowledge Agency,Research & Consulting
KPMG,Business & Legal Services
Kroll Bond Ratings Agency,Finance & Investment
Kyruus,Healthcare
Lawdragon,Business & Legal Services
Legal Science Partners,Business & Legal Services
(Leg)Cyte,Governance
"LegiNation, Inc.",Governance
LegiStorm,Governance
Lenddo,Finance & Investment
Lending Club,Finance & Investment
Level One Technologies,Data/Technology
LexisNexis,Business & Legal Services
Liberty Mutual Insurance Cos.,Insurance
Lilly Open Innovation Drug Discovery,Scientific Research
Liquid Robotics,Geospatial/Mapping
Locavore,Food & Agriculture
"LOGIXDATA, LLC",Finance & Investment
LoopNet,Housing/Real Estate
"Loqate, Inc.",Geospatial/Mapping
LoseIt.com,Lifestyle & Consumer
LOVELAND Technologies,Data/Technology
Lucid,Energy
"Lumesis, Inc.",Data/Technology
Mango Transit,Geospatial/Mapping
Mapbox,Geospatial/Mapping
Maponics,Geospatial/Mapping
MapQuest,Geospatial/Mapping
"Marinexplore, Inc.",Geospatial/Mapping
MarketSense,Business & Legal Services
Marlin & Associates,Finance & Investment
Marlin Alter and Associates,Business & Legal Services
McGraw Hill Financial,Finance & Investment
McKinsey,Research & Consulting
MedWatcher,Healthcare
Mercaris,Food & Agriculture
Merrill Corp.,Data/Technology
Merrill Lynch,Finance & Investment
MetLife,Insurance
mHealthCoach,Healthcare
MicroBilt Corporation,Business & Legal Services
Microsoft Windows Azure Marketplace,Data/Technology
Mint,Finance & Investment
Moody's,Finance & Investment
Morgan Stanley,Finance & Investment
"Morningstar, Inc.",Finance & Investment
Mozio,Transportation
MuckRock.com,Business & Legal Services
Munetrix,Governance
Municode,Business & Legal Services
National Van Lines,Transportation
Nationwide Mutual Insurance Company,Insurance
Nautilytics,Data/Technology
Navico,Geospatial/Mapping
NERA Economic Consulting,Research & Consulting
NerdWallet,Finance & Investment
New Media Parents,Geospatial/Mapping
Next Step Living,Energy
NextBus,Transportation
nGAP Incorporated,Governance
Nielsen,Research & Consulting
Noesis,Energy
NonprofitMetrics,Data/Technology
North American Van Lines,Transportation
Noveda Technologies,Data/Technology
NuCivic,Governance
Numedii,Scientific Research
Oliver Wyman,Research & Consulting
OnDeck,Finance & Investment
OnStar,Geospatial/Mapping
"Ontodia, Inc",Data/Technology
Onvia,Governance
Open Data Nation,Research & Consulting
OpenCounter,Governance
OpenGov,Governance
OpenPlans,Governance
"OpportunitySpace, Inc.",Housing/Real Estate
Optensity,Data/Technology
optiGov,Governance
OptumInsight,Healthcare
Orlin Research,Data/Technology
OSIsoft,Data/Technology
OTC Markets,Finance & Investment
Outline,Governance
Oversight Systems,Business & Legal Services
Overture Technologies,Data/Technology
Owler,Business & Legal Services
Palantir Technologies,Data/Technology
Panjiva,
Parsons Brinckerhoff,Transportation
Patently-O,Media
PatientsLikeMe,Healthcare
Pave,Finance & Investment
Paxata,Data/Technology
"PayScale, Inc.",Business & Legal Services
PeerJ,Scientific Research
People Power,Data/Technology
Persint,Finance & Investment
Personal Democracy Media,Governance
"Personal, Inc.",Lifestyle & Consumer
Personalis,Scientific Research
Peterson's,Education
PEV4me.com,Energy
PIXIA Corp,Data/Technology
PlaceILive.com,Housing/Real Estate
PlanetEcosystems,Energy
PlotWatt,Energy
Plus-U,Education
PolicyMap,Geospatial/Mapping
Politify,Governance
Poncho App,Environment & Weather
POPVOX,Governance
Porch,Housing/Real Estate
PossibilityU,Education
PowerAdvocate,Energy
Practice Fusion,Healthcare
Predilytics,Healthcare
PricewaterhouseCoopers (PWC),Finance & Investment
ProgrammableWeb,Data/Technology
Progressive Insurance Group,Insurance
Propeller Health,Healthcare
ProPublica,Governance
PublicEngines,Governance
PYA Analytics,Research & Consulting
"Qado Energy, Inc.",Energy
Quandl,Data/Technology
Quertle,Data/Technology
Quid,Data/Technology
R R Donnelley,Business & Legal Services
RAND Corporation,Research & Consulting
Rand McNally,Geospatial/Mapping
Rank and Filed,Finance & Investment
Ranku,Education
Rapid Cycle Solutions,Data/Technology
realtor.com,Housing/Real Estate
Recargo,Energy
ReciPal,Food & Agriculture
Redfin,Housing/Real Estate
RedLaser,Lifestyle & Consumer
Reed Elsevier,Business & Legal Services
REI Systems,Data/Technology
Relationship Science,Business & Legal Services
Remi,Governance
Retroficiency,Energy
Revaluate,"Housing/Real Estate,"
Revelstone,Governance
Rezolve Group,Education
Rivet Software,Finance & Investment
Roadify Transit,Transportation
Robinson + Yu,Research & Consulting
Russell Investments,Finance & Investment
Sage Bionetworks,Scientific Research
SAP,Data/Technology
SAS,Data/Technology
Scale Unlimited,Data/Technology
Science Exchange,Scientific Research
Seabourne,Data/Technology
SeeClickFix,Governance
SigFig,Finance & Investment
Simple Energy,Energy
SimpleTuition,Education
SlashDB,Data/Technology
Smart Utility Systems,Energy
SmartAsset,Finance & Investment
SmartProcure,Governance
Smartronix,Data/Technology
SnapSense,Research & Consulting
Social Explorer,Data/Technology
Social Health Insights,Healthcare
SocialEffort Inc,Lifestyle & Consumer
Socrata,Data/Technology
Solar Census,Energy
SolarList,Energy
Sophic Systems Alliance,Scientific Research
S&P Capital IQ,Finance & Investment
SpaceCurve,Data/Technology
SpeSo Health,Healthcare
Spikes Cavell Analytic Inc,Data/Technology
Splunk,Data/Technology
Spokeo,Lifestyle & Consumer
SpotCrime,Governance
SpotHero.com,Transportation
Stamen Design,Geospatial/Mapping
Standard and Poor's,Finance & Investment
State Farm Insurance,Insurance
Sterling Infosystems,Business & Legal Services
Stevens Worldwide Van Lines,Transportation
STILLWATER SUPERCOMPUTING INC,Research & Consulting
StockSmart,Finance & Investment
Stormpulse,Environment & Weather
StreamLink Software,Data/Technology
"StreetCred Software, Inc",Governance
StreetEasy,Housing/Real Estate
Suddath,Transportation
Symcat,Healthcare
Synthicity,Housing/Real Estate
T. Rowe Price,Finance & Investment
Tableau Software,Data/Technology
TagniFi,Finance & Investment
Telenav,Geospatial/Mapping
Tendril,Energy
Teradata,Data/Technology
The Advisory Board Company,Research & Consulting
The Bridgespan Group,Research & Consulting
The DocGraph Journal,Healthcare
The Govtech Fund,Finance & Investment
The Schork Report,Energy
The Vanguard Group,Finance & Investment
Think Computer Corporation,Business & Legal Services
Thinknum,Finance & Investment
Thomson Reuters,Business & Legal Services
TopCoder,Data/Technology
TowerData,Data/Technology
TransparaGov,Governance
TransUnion,Business & Legal Services
TrialTrove,Healthcare
TrialX,Healthcare
Trintech,Finance & Investment
TrueCar,Transportation
Trulia,Housing/Real Estate
TrustedID,Lifestyle & Consumer
TuvaLabs,Education
Uber,Transportation
Unigo LLC,Education
United Mayflower,Transportation
Urban Airship,Business & Legal Services
"Urban Mapping, Inc",Geospatial/Mapping
US Green Data,Energy
U.S. News Schools,Education
USAA Group,Finance & Investment
USSearch,Business & Legal Services
Verdafero,Data/Technology
Vimo,Insurance
"VisualDoD, LLC",Aerospace and Defense
Vital Axiom | Niinja,Data/Technology
VitalChek,Governance
Vitals,Healthcare
Vizzuality,Geospatial/Mapping
Votizen,Governance
Walk Score,Lifestyle & Consumer
WaterSmart Software,Environment & Weather
WattzOn,Energy
Way Better Patents,Business & Legal Services
Weather Channel,
Weather Decision Technologies,Environment & Weather
Weather Underground,Environment & Weather
WebFilings,Finance & Investment
Webitects,Data/Technology
WebMD,Healthcare
Weight Watchers,Lifestyle & Consumer
WeMakeItSafer,Lifestyle & Consumer
Wheaton World Wide Moving,Transportation
Whitby Group,Research & Consulting
Wolfram Research,Data/Technology
Wolters Kluwer,Business & Legal Services
Workhands,Lifestyle & Consumer
Xatori,Energy
Xcential,Governance
xDayta,Data/Technology
Xignite,Finance & Investment
Yahoo,Lifestyle & Consumer
Zebu Compliance Solutions,Healthcare
Yelp,Lifestyle & Consumer
YourMapper,Geospatial/Mapping
Zillow,Housing/Real Estate
ZocDoc,Healthcare
Zonability,Housing/Real Estate
Zoner,Housing/Real Estate
Zurich Insurance (Risk Room),Insurance
4D Mapper,Geospatial/Mapping
ADG Engineers (Aust) Pty Ltd,Construction
Advance Cairns,Economic Development and Advocacy
Aerometrex Pty Ltd,Geospatial/Mapping
Alantgeo Pty Ltd,Geospatial/Mapping
Alexander & Symonds Pty Ltd,Professional Consulting
Almighty God Blessing Family Day Care pty ltd,family day care services
Applied Land Systems,Geospatial/Mapping
Arup,Research & Consulting
AuScope Ltd,Research & Consulting
Australian Information Industry Association ,interest group
Australian Library and Information Association,Library and information
Australian Medical Association (AMA) - Federal,Healthcare
Bainbridge Consulting,Research & Consulting
Balmoral Group - Australia,Research & Consulting
Bass Coast Landcare Network Inc,Environment & Weather
BMT WBM,Research & Consulting
Bulimba Creek Catchment Coordinating Committee Inc,Environment & Weather
Cardno,Research & Consulting
Cathodic Anodes Australasia,Mining/Manufacturing
Code for Australia,innovation
Community Insight Australia,Data/Technology
Construction Skills Queensland,Construction
Cook Medical,Healthcare
Cribbing and Matting Co. Pty Ltd,Mining/Manufacturing
Data Analysis Australia,Research & Consulting
Deloitte,Consulting
Elafent,Data/Technology
Enviro First Solutions ,
Enviro-dynamics Pty Ltd,Environment & Weather
ENVORINEXâ„¢,Mining/Manufacturing
Gas Generators Australia ,Healthcare
Geospatial Information & Technology Association,Data/Technology
Google Australia New Zealand,Data/Technology
GovHack,Data/Technology
GreenBizCheck,Data/Technology
Herron Todd White,Housing/Real Estate
IAG Ltd,Insurance
IBM,Data/Technology
Intermedium,Research & Consulting
KINSHIP digital,Research & Consulting
Landfill Gas Industires,Energy
Link Digital,Managed Services
Omnilink,Geospatial/Mapping
Pacific Data Systems Pty Ltd,Data/Technology
Parklands Albury Wodonga Ltd,Environment & Weather
Peclet Technology Pty Ltd,Data/Technology
PolyGeo,Geospatial/Mapping
PSMA Australia Limited,Data/Technology
PublicKnowledge,Data/Technology
Revelation Computing Pty Ltd,Data/Technology
Rhino Linings Australasia Pty Ltd,Mining/Manufacturing
RIA Mobile GIS,Data/Technology
RightShip Pty Ltd,Shipping
SmartCast Pty Ltd (trading as Canberra IQ),Media
Solais Geoinformatics Pty Ltd,
Southern New England Landcare,Environment & Weather
Spatial Vision,Geospatial/Mapping
State Library of Queensland ,Library 
Strategy&,Commercial and Govt Consulting
Survey Graphics,Geospatial/Mapping
TransitTimes+,Data/Technology
TripMate,Transportation
Truii Pty Ltd,Data/Technology
Wattblock,Data/Technology
Yamatji Marlpa Aboriginal Corporation,Research & Consulting
1PM PLC,
1SPATIAL PLC,
21ST CENTURY TECHNOLOGY PLC,
3I GROUP PLC,
3I INFRASTRUCTURE PLC,
4D PHARMA PLC,
4IMPRINT GROUP PLC,
600 GROUP PLC,
7DIGITAL GROUP PLC,
888 HOLDINGS PLC,
88 ENERGY LIMITED,
AA PLC,
ABAL GROUP PLC,
ABBEY PLC,
ABCAM PLC,
AB DYNAMICS PLC,
ABERDEEN ASIAN INCOME FUND LTD,
ABERDEEN DIVERSIFIED INCOME AND GROWTH TRUST PLC,
ABERDEEN EMERGING MARKETS INVESTMENT COMPANY LIMITED,
ABERDEEN FRONTIER MARKETS INVESTMENT COMPANY LIMITED,
ABERDEEN JAPAN INVESTMENT TRUST PLC,
ABERDEEN LATIN AMERICAN INCOME FUND LIMITED,
ABERDEEN NEW DAWN INVESTMENT TRUST PLC,
ABERDEEN NEW INDIA INVESTMENT TRUST PLC,
ABERDEEN NEW THAI INVESTMENT TRUST PLC,
ABERDEEN SMALLER COMPANIES INCOME TRUST PLC,
ABERDEEN STANDARD ASIA FOCUS PLC,
ABERDEEN STANDARD EQUITY INCOME TRUST PLC,
ABERDEEN STANDARD EUROPEAN LOGISTICS INCOME PLC,
ABERFORTH SMALLER COMPANIES TRUST PLC,
ABERFORTH SPLIT LEVEL INCOME TRUST PLC,
ACCESS INTELLIGENCE PLC,
ACCESSO TECHNOLOGY GROUP PLC,
ACCROL GROUP HOLDINGS PLC,
ACCSYS TECHNOLOGIES PLC,
ACER INCORPORATED,
ACORN INCOME FUND LD,
ACTIVE ENERGY GROUP PLC,
ACTUAL EXPERIENCE PLC,
ADAMAS FINANCE ASIA LIMITED,
ADAMS PLC,
ADEPT4 PLC ,
ADEPT TECHNOLOGY GROUP PLC,
ADES INTERNATIONAL HOLDING PLC,
ADM ENERGY PLC,
ADMIRAL GROUP PLC,
ADVANCED MEDICAL SOLUTIONS GROUP PLC,
ADVANCED ONCOTHERAPY PLC,
ADVFN PLC,
AECI LD,
AEOREMA COMMUNICATIONS PLC,
AEW UK LONG LEASE REIT PLC,
AEW UK REIT PLC,
AFARAK GROUP PLC,
AFC ENERGY PLC,
AFH FINANCIAL GROUP PLC,
AFI DEVELOPMENT PLC,
AFRICA OPPORTUNITY FUND LIMITED,
AFRITIN MINING LIMITED,
AGGREGATED MICRO POWER HOLDINGS PLC,
AGGREKO PLC,
AGRITERRA LD,
AGRONOMICS LIMITED ,
AIB GROUP PLC,
AIQ LIMITED,
AIR CHINA LD,
AIREA PLC,
AIR PARTNER PLC,
AIRTEL AFRICA PLC,
AJ BELL PLC,
ALBA MINERAL RESOURCES PLC,
ALBION DEVELOPMENT VCT PLC,
ALBION ENTERPRISE VCT PLC,
ALBION TECHNOLOGY & GENERAL VCT PLC,
ALBION VENTURE CAPITAL TST PLC,
ALCENTRA EUROPEAN FLOATING RATE INCOME FUND LIMITED,
ALEXANDER MINING PLC,
ALEXANDRIA MINERAL OILS COMPANY (AMOC) S.A.E.,
ALFA FINANCIAL SOFTWARE HOLDINGS PLC,
ALIEN METALS LIMITED,
ALL ACTIVE ASSET CAPITAL LIMITED,
ALLERGY THERAPEUTICS PLC,
ALLIANCE PHARMA PLC,
ALLIANCE TRUST PLC,
ALLIANZ TECHNOLOGY TRUST PLC,
ALLIED MINDS PLC,
ALPHA FINANCIAL MARKETS CONSULTING PLC,
ALPHA FX GROUP PLC,
ALPHA GROWTH PLC,
ALPHA REAL TRUST LIMITED,
ALTERNATIVE LIQUIDITY FUND LIMITED,
ALTITUDE GROUP PLC,
ALTUS STRATEGIES PLC,
ALTYN PLC,
ALUMASC GROUP PLC,
ALUMINIUM BAHRAIN B.S.C.,
AMATI AIM VCT PLC,
AMEDEO AIR FOUR PLUS LIMITED,
AMER GROUP HOLDING COMPANY S.A.E,
AMERISUR RESOURCES PLC,
AMIAD WATER SYSTEMS LTD,
AMIGO HOLDINGS PLC,
AMINEX PLC,
AMINO TECHNOLOGIES PLC,
AMPHION INNOVATIONS PLC,
AMRYT PHARMA PLC,
AMUR MINERALS CORPORATION,
ANA HOLDINGS INC.,
ANDALAS ENERGY AND POWER PLC,
ANDREWS SYKES GROUP PLC,
ANEXO GROUP PLC,
ANGLE PLC,
ANGLESEY MINING PLC,
ANGLING DIRECT PLC,
ANGLO AFRICAN AGRICULTURE PLC,
ANGLO AFRICAN OIL & GAS PLC,
ANGLO AMERICAN PLC,
ANGLO ASIAN MINING PLC,
ANGLO-EASTERN PLANTATIONS PLC,
ANGLO PACIFIC GROUP PLC,
ANGUS ENERGY PLC,
ANIMALCARE GROUP PLC,
ANPARIO PLC,
ANTOFAGASTA PLC,
AORTECH INTERNATIONAL PLC,
AO WORLD PLC,
APAX GLOBAL ALPHA LIMITED,
API GROUP CORPORATION,
APPLEGREEN PLC,
APPLIED GRAPHENE MATERIALS PLC,
APPRECIATE GROUP PLC,
APQ GLOBAL LIMITED,
APTITUDE SOFTWARE GROUP PLC,
AQUILA EUROPEAN RENEWABLES INCOME FUND PLC,
AQUILA SERVICES GROUP PLC,
AQUIS EXCHANGE PLC,
ARABIAN FOOD INDUSTRIES COMPANY DOMTY S.A.E.,
ARBUTHNOT BANKING GROUP PLC,
ARC MINERALS LIMITED,
ARCONTECH GROUP PLC,
ARDEN PARTNERS PLC,
ARENA EVENTS GROUP PLC,
ARGENTEX GROUP PLC,
ARGO BLOCKCHAIN PLC,
ARGO GROUP LIMITED,
ARGOS RESOURCES LIMITED,
ARIANA RESOURCES PLC,
ARIX BIOSCIENCE PLC,
ARKLE RESOURCES PLC,
ARMADALE CAPITAL PLC,
ARRICANO REAL ESTATE PLC,
ARROW GLOBAL GROUP PLC,
ARTEMIS ALPHA TRUST PLC,
ARTEMIS VCT PLC,
ASA INTERNATIONAL GROUP PLC,
ASCENTIAL PLC,
ASCENT RESOURCES PLC,
ASEANA PROPERTIES LIMITED,
ASHLEY HOUSE PLC,
ASHLEY (LAURA) HOLDINGS PLC,
ASHMORE GLOBAL OPPORTUNITIES LIMITED,
ASHMORE GROUP PLC,
ASHOKA INDIA EQUITY INVESTMENT TRUST PLC,
ASHPOL PLC,
ASHTEAD GROUP PLC,
ASIA CEMENT CORPORATION,
ASIA DRAGON TRUST PLC,
ASIAMET RESOURCES LIMITED,
ASOS PLC,
ASSETCO PLC,
ASSOCIATED BRITISH ENGINEERING PLC,
ASSOCIATED BRITISH FOODS PLC,
ASSURA PLC,
ASTON MARTIN LAGONDA GLOBAL HOLDINGS PLC,
ASTRAZENECA PLC,
ATALAYA MINING PLC,
ATHELNEY TRUST PLC,
ATLANTIS JAPAN GROWTH FUND LD,
ATLAS MARA LIMITED,
ATTIS OIL AND GAS LTD,
ATTRAQT GROUP PLC,
AUCTUS GROWTH PLC,
AUDIOBOOM GROUP PLC,
AUGEAN PLC,
AUGMENTUM FINTECH PLC,
AUKETT SWANKE GROUP PLC,
AURA ENERGY LIMITED,
AURORA INVESTMENT TRUST PLC,
AUTINS GROUP PLC,
AUTO TRADER GROUP PLC,
AVACTA GROUP PLC,
AVANGARDCO INVESTMENTS PUBLIC LIMITED,
AVAST PLC,
AVATION PLC,
AVESORO RESOURCES INC.,
AVEVA GROUP PLC,
AVI GLOBAL TRUST PLC,
AVI JAPAN OPPORTUNITY TRUST PLC,
AVINGTRANS PLC,
AVIVA PLC,
AVOCET MINING PLC,
AVON RUBBER PLC,
AXA PROPERTY TRUST LIMITED,
AXIOM EUROPEAN FINANCIAL DEBT FUND LIMITED,
AXIS BANK LIMITED,
BABCOCK INTERNATIONAL GROUP PLC,
BACANORA LITHIUM PLC,
BAE SYSTEMS PLC,
BAGIR GROUP LTD.,
BAHAMAS PETROLEUM COMPANY PLC,
BAILLIE GIFFORD JAPAN TRUST PLC,
BAILLIE GIFFORD SHIN NIPPON PLC,
BAILLIE GIFFORD UK GROWTH FUND PLC,
BAILLIE GIFFORD US GROWTH TRUST PLC,
BAKER STEEL RESOURCES TRUST LIMITED,
BAKKAVOR GROUP PLC,
BALFOUR BEATTY PLC,
BANCO BILBAO VIZCAYA ARGENTARIA S.A.,
BANCO SANTANDER S.A.,
BANGO PLC,
BANK AUDI S.A.L.,
BANKERS INVESTMENT TRUST PLC,
BANKMUSCAT (S.A.O.G.),
BANK OF CYPRUS HOLDINGS PUBLIC LIMITED COMPANY,
BANK OF GEORGIA GROUP PLC,
BANK OF IRELAND (GOVERNOR & COMPANY OF THE),
BANK OF IRELAND GROUP PLC,
BANK PEKAO SA,
BANQUE MAROCAINE DU COMMERCE EXTERIEUR,
BARCLAYS PLC,
BARING EMERGING EUROPE PLC,
BARLOWORLD LD,
BARON OIL PLC,
BARONSMEAD SECOND VENTURE TRUST PLC,
BARONSMEAD VENTURE TRUST PLC,
BARR (A.G.) PLC,
BARRATT DEVELOPMENTS PLC,
BASE RESOURCES LIMITED,
BASKERVILLE CAPITAL PLC,
BATM ADVANCED COMMUNICATIONS LD,
BBGI SICAV S.A.,
BB HEALTHCARE TRUST PLC,
BBVA CAPITAL FUNDING LD,
BEAZLEY PLC,
BEEKS FINANCIAL CLOUD GROUP PLC,
BEGBIES TRAYNOR GROUP PLC,
BE HEARD GROUP PLC,
BELLWAY PLC,
BELVOIR GROUP PLC,
BENCHMARK HOLDINGS PLC,
BEOWULF MINING PLC,
BERKELEY ENERGIA LIMITED,
BERKELEY GROUP HOLDINGS (THE) PLC,
BERMELE PLC,
BEST OF THE BEST PLC,
BETTER CAPITAL PCC LIMITED,
BEXIMCO PHARMACEUTICALS LIMITED,
BEZANT RESOURCES PLC,
BH GLOBAL LIMITED,
BH MACRO LIMITED,
BHP GROUP PLC,
BIDSTACK GROUP PLC,
BIFFA PLC,
BIGBLU BROADBAND PLC,
BIGDISH PLC,
BIG SOFA TECHNOLOGIES GROUP PLC,
BIG YELLOW GROUP PLC,
BILBY PLC,
BILLING SERVICES GROUP LIMITED,
BILLINGTON HOLDINGS PLC,
BIOME TECHNOLOGIES PLC,
BIOPHARMA CREDIT PLC,
BIOTECH GROWTH TRUST (THE) PLC,
BIOVENTIX PLC,
BISICHI MINING PLC,
BLACKBIRD PLC,
BLACKROCK ENERGY AND RESOURCES INCOME TRUST PLC,
BLACKROCK FRONTIERS INVESTMENT TRUST PLC,
BLACKROCK GREATER EUROPE INVESTMENT TRUST PLC,
BLACKROCK INCOME AND GROWTH INVESTMENT TRUST PLC,
BLACKROCK LATIN AMERICAN INVESTMENT TRUST PLC,
BLACKROCK NORTH AMERICAN INCOME TRUST PLC,
BLACKROCK SMALLER CO TRUST PLC,
BLACKROCK THROGMORTON TRUST PLC,
BLACKROCK WORLD MINING TRUST PLC,
BLACKSTONE / GSO LOAN FINANCING LIMITED,
BLANCCO TECHNOLOGY GROUP PLC,
BLENCOWE RESOURCES PLC,
BLOCK ENERGY PLC,
BLOM BANK SAL,
BLOOMSBURY PUBLISHING PLC,
BLUEBIRD MERCHANT VENTURES LTD,
BLUEFIELD SOLAR INCOME FUND LIMITED,
BLUEJAY MINING PLC,
BLUE PLANET FINANCIALS GROWTH AND INCOME INVESTMENT TRUST PLC,
BLUE PLANET INVESTMENT TRUST PLC,
BLUE PRISM GROUP PLC,
BLUEROCK DIAMONDS PLC,
BLUE STAR CAPITAL PLC,
B&M EUROPEAN VALUE RETAIL S.A.,
BMO CAPITAL & INCOME INVESTMENT TRUST PLC,
BMO COMMERCIAL PROPERTY TRUST LIMITED,
BMO GLOBAL SMALLER COMPANIES PLC,
BMO MANAGED PORTFOLIO TRUST PLC,
BMO PRIVATE EQUITY TRUST PLC,
BMO REAL ESTATE INVESTMENTS LIMITED,
BMO UK HIGH INCOME TRUST PLC,
BODYCOTE PLC,
BOEING CO.,
"BOKU, INC.",
BONHILL GROUP PLC,
BOOHOO GROUP PLC,
BOOT (HENRY) PLC,
BORDERS & SOUTHERN PETROLEUM PLC,
BOSTON INTERNATIONAL HOLDINGS PLC,
BOTSWANA DIAMONDS PLC,
BOULD OPPORTUNITIES PLC,
BOUSSARD & GAVAUDAN HOLDING LIMITED,
BOVIS HOMES GROUP PLC,
BOWLEVEN PLC,
B.P. MARSH & PARTNERS PLC,
BP PLC,
BRADY PLC,
BRAEMAR SHIPPING SERVICES PLC,
BRAIME GROUP PLC,
BRAND ARCHITEKTS GROUP PLC,
BRAVE BISON GROUP PLC,
BRAVEHEART INVESTMENT GROUP PLC,
BREEDON GROUP PLC,
BREWIN DOLPHIN HOLDINGS PLC,
BRICKABILITY GROUP PLC,
BRIGHTON PIER GROUP PLC (THE),
BRISTOL WATER PLC,
BRISTOL & WEST PLC,
BRITISH & AMERICAN INVESTMENT TRUST PLC,
BRITISH AMERICAN TOBACCO PLC,
BRITISH LAND COMPANY PLC,
BRITISH SMALLER COMPANIES VCT2 PLC,
BRITISH SMALLER COMPANIES VCT PLC,
BRITVIC PLC,
BROOKS MACDONALD GROUP PLC,
BROWN (N) GROUP PLC,
BRUNNER INVESTMENT TRUST PLC,
B.S.D CROWN LTD,
BSF ENTERPRISE PLC,
BT GROUP PLC,
BUNZL PLC,
BURBERRY GROUP PLC,
BURFORD CAPITAL LIMITED,
BUSHVELD MINERALS LIMITED,
BYBLOS BANK S.A.L,
BYOTROL PLC,
C4X DISCOVERY HOLDINGS PLC,
CABLEVISION HOLDING S.A.,
CABOT ENERGY PLC,
CADENCE MINERALS PLC,
CADOGAN PETROLEUM PLC,
CAFFYNS PLC,
CAIRN ENERGY PLC,
CAIRN HOMES PLC,
CAKE BOX HOLDINGS PLC,
CALCULUS VCT PLC,
CALEDONIA INVESTMENTS PLC,
CALEDONIA MINING CORPORATION PLC,
CALEDONIAN TRUST PLC,
CAMBIUM GLOBAL TIMBERLAND LIMITED,
CAMBRIA AFRICA PLC,
CAMBRIA AUTOMOBILES PLC,
CAMBRIDGE COGNITION HOLDINGS PLC,
CAMELLIA PLC,
"CANADIAN GENERAL INVESTMENTS, LD",
CANADIAN OVERSEAS PETROLEUM LIMITED,
CAPITAL & COUNTIES PROPERTIES PLC,
CAPITAL DRILLING LIMITED,
CAPITAL GEARING TRUST PLC,
CAPITAL & REGIONAL PLC,
CAPITA PLC,
CAP-XX LIMITED,
CARADOR INCOME FUND PLC,
CARCLO PLC,
CARD FACTORY PLC,
CARDIFF PROPERTY PLC,
CARETECH HOLDINGS PLC,
CARIBBEAN INVESTMENT HOLDINGS LIMITED,
CARILLION PLC,
CARNIVAL PLC,
CARPETRIGHT PLC,
CARR'S GROUP PLC,
CASPIAN SUNRISE PLC,
CASTINGS PLC,
CASTLETON TECHNOLOGY PLC,
CATALYST MEDIA GROUP PLC,
CATCO REINSURANCE OPPORTUNITIES FUND LIMITED,
CATENAE INNOVATION PLC,
CATHAY FINANCIAL HOLDING CO LTD,
CATHAY INTERNATIONAL HOLDINGS LD,
C&C GROUP PLC,
CC JAPAN INCOME & GROWTH TRUST PLC,
CEIBA INVESTMENTS LIMITED,
CELLO HEALTH PLC,
CELTIC PLC,
CENKOS SECURITIES PLC,
CENTAMIN PLC,
CENTAUR MEDIA PLC,
CENTRAL ASIA METALS PLC,
CENTRALNIC GROUP PLC,
CENTRICA PLC,
CEPS PLC,
CERES POWER HOLDINGS PLC,
CERILLION PLC,
CG POWER AND INDUSTRIAL SOLUTIONS LIMITED,
CHAARAT GOLD HOLDINGS LTD,
CHALLENGER ACQUISITIONS LIMITED,
CHAMBERLIN PLC,
CHARACTER GROUP PLC,
CHARIOT OIL & GAS LIMITED,
CHARLES STANLEY GROUP PLC,
CHARLES TAYLOR PLC,
CHECKIT PLC,
CHELVERTON GROWTH TRUST PLC,
CHELVERTON UK DIVIDEND TRUST PLC,
CHEMRING GROUP PLC,
CHENAVARI CAPITAL SOLUTIONS LIMITED,
CHENAVARI TORO INCOME FUND LIMITED,
CHESNARA PLC,
CHESTERFIELD RESOURCES PLC,
CHINA NEW ENERGY LIMITED,
CHINA NONFERROUS GOLD LIMITED,
CHINA PETROLEUM & CHEMICAL CORPORATION,
CHINA STEEL CORPORATION,
CHRISTIE GROUP PLC,
CHRYSALIS VCT PLC,
CHURCHILL CHINA PLC,
CINEWORLD GROUP PLC,
CIP MERCHANT CAPITAL LIMITED,
CIRCASSIA PHARMACEUTICALS PLC,
CIRCLE PROPERTY PLC,
CITY MERCHANTS HIGH YIELD TRUST LIMITED,
CITY OF LONDON GROUP PLC,
CITY OF LONDON INVESTMENT GROUP PLC,
CITY OF LONDON INVESTMENT TRUST PLC,
CITY PUB GROUP PLC (THE),
CIVITAS SOCIAL HOUSING PLC,
CLARKSON PLC,
CLEAR LEISURE PLC,
CLEARSTAR INC.,
CLINIGEN GROUP PLC,
CLIPPER LOGISTICS PLC,
CLONTARF ENERGY PLC,
CLOSE BROTHERS GROUP PLC,
CLOUDBUY PLC,
CLOUDCALL GROUP PLC,
CLS HOLDINGS PLC,
CLUFF NATURAL RESOURCES PLC,
CMC MARKETS PLC,
CML MICROSYSTEMS PLC,
COATS GROUP PLC,
COBHAM PLC,
COBRA RESOURCES PLC,
COCA-COLA EUROPEAN PARTNERS PLC,
COCA-COLA HBC AG,
CODEMASTERS GROUP HOLDINGS PLC,
COHORT PLC,
COLEFAX GROUP PLC,
COLLAGEN SOLUTIONS PLC,
COLUMBUS ENERGY RESOURCES PLC,
COMMERCIAL INTERNATIONAL BANK (EGYPT) S.A.E.,
COMPAGNIE DE SAINT-GOBAIN,
COMPAL ELECTRONICS INC,
COMPASS GROUP PLC,
COMPTOIR GROUP PLC,
COMPUTACENTER PLC,
CONCEPTA PLC,
CONCURRENT TECHNOLOGIES PLC,
CONDOR GOLD PLC,
CONNECT GROUP PLC,
CONROY GOLD & NATURAL RESOURCES PLC,
CONSORT MEDICAL PLC,
CONTANGO HOLDINGS PLC,
CONTOURGLOBAL PLC,
CONVATEC GROUP PLC,
CONYGAR INVESTMENT COMPANY PLC (THE),
CORA GOLD LIMITED,
CORAL PRODUCTS PLC,
CORERO NETWORK SECURITY PLC,
CORO ENERGY PLC,
COSTAIN GROUP PLC,
COUNTRYSIDE PROPERTIES PLC,
COUNTRYWIDE PLC,
CPL RESOURCES PLC,
CPPGROUP PLC,
CQS NATURAL RESOURCES GROWTH AND INCOME PLC,
CQS NEW CITY HIGH YIELD FUND LIMITED,
CRANEWARE PLC,
CRANSWICK PLC,
CRAVEN HOUSE CAPITAL PLC,
CREIGHTONS PLC,
CREO MEDICAL GROUP PLC,
CREST NICHOLSON HOLDINGS PLC,
CRH PLC,
CRIMSON TIDE PLC,
CRODA INTERNATIONAL PLC,
CROMA SECURITY SOLUTIONS GROUP PLC,
CROPPER (JAMES) PLC,
CROSSWORD CYBERSECURITY PLC,
CROWN PLACE VCT PLC,
CRYSTAL AMBER FUND LIMITED,
CURTIS BANKS GROUP PLC,
CURZON ENERGY PLC,
CUSTODIAN REIT PLC,
CVC CREDIT PARTNERS EUROPEAN OPPORTUNITIES LIMITED,
CVS GROUP PLC,
CYANCONNODE HOLDINGS PLC,
D4T4 SOLUTIONS PLC,
DAEJAN HOLDINGS PLC,
DAILY MAIL & GENERAL TRUST PLC,
DAIRY FARM INTERNATIONAL HOLDINGS LD,
DALATA HOTEL GROUP PLC,
DANAKALI LIMITED,
DART GROUP PLC,
DATANG INTERNATIONAL POWER GENERATION COMPANY LD,
DAVICTUS PLC,
DCC PLC,
DCD MEDIA PLC,
DECHRA PHARMACEUTICALS PLC,
DEEPMATTER GROUP PLC,
DEFENX PLC,
DEKEL AGRI-VISION PLC,
DE LA RUE PLC,
DELTEX MEDICAL GROUP PLC,
DERWENT LONDON PLC,
DESTINY PHARMA PLC,
DEV CLEVER HOLDINGS PLC,
DEVRO PLC,
DEWHURST PLC,
DFS FURNITURE PLC,
DIACEUTICS PLC,
DIAGEO PLC,
DIALIGHT PLC,
DIAMOND BANK PLC,
DIGITALBOX PLC,
DIGNITY PLC,
DILLISTONE GROUP PLC,
DIPLOMA PLC,
DIRECTA PLUS PLC,
DIRECT LINE INSURANCE GROUP PLC,
DISCOVERIE GROUP PLC,
DISH TV INDIA LIMITED,
DISTIL PLC,
DISTRIBUTION FINANCE CAPITAL HOLDINGS PLC,
DIURNAL GROUP PLC,
DIVERSE INCOME TRUST (THE) PLC,
DIVERSIFIED GAS & OIL PLC,
DIXONS CARPHONE PLC,
DODS GROUP PLC,
DOLPHIN CAPITAL INVESTORS LIMITED,
DOMINO'S PIZZA GROUP PLC,
DORIC NIMROD AIR ONE LIMITED,
DORIC NIMROD AIR THREE LIMITED,
DORIC NIMROD AIR TWO LIMITED,
DOTDIGITAL GROUP PLC,
DOWNING FOUR VCT PLC,
DOWNING ONE VCT PLC,
DOWNING STRATEGIC MICRO-CAP INVESTMENT TRUST PLC,
DOWNING THREE VCT PLC,
DOWNING TWO VCT PLC,
DP AIRCRAFT I LIMITED,
DP EURASIA N.V.,
DP POLAND PLC,
DRAGON-UKRAINIAN PROPERTIES & DEVELOPMENT PLC,
DRAPER ESPRIT PLC,
DRAPER ESPRIT VCT PLC,
DRAX GROUP PLC,
DRIVER GROUP PLC,
DRUM INCOME PLUS REIT PLC,
DUKEMOUNT CAPITAL PLC,
DUKE ROYALTY LIMITED,
DUNEDIN ENTERPRISE INVESTMENT TRUST PLC,
DUNEDIN INCOME GROWTH INVESTMENT TRUST PLC,
DUNELM GROUP PLC,
DWF GROUP PLC,
DX (GROUP) PLC,
EAGLE EYE SOLUTIONS GROUP PLC,
EASYHOTEL PLC,
EASYJET PLC,
EBIQUITY PLC,
ECCLESIASTICAL INSURANCE OFFICE PLC,
ECHO ENERGY PLC,
ECKOH PLC,
ECO ANIMAL HEALTH GROUP PLC,
ECO (ATLANTIC) OIL & GAS LTD,
ECOFIN GLOBAL UTILITIES AND INFRASTRUCTURE TRUST PLC,
ECR MINERALS PLC,
ECSC GROUP PLC,
EDDIE STOBART LOGISTICS PLC,
EDEN RESEARCH PLC,
EDENVILLE ENERGY PLC,
EDGE PERFORMANCE VCT PLC,
EDINBURGH INVESTMENT TRUST PLC,
EDINBURGH WORLDWIDE INVESTMENT TRUST PLC,
EDISTON PROPERTY INVESTMENT COMPANY PLC,
EDITA FOOD INDUSTRIES S.A.E.,
EFG-HERMES HOLDING S.A.E.,
EGDON RESOURCES PLC,
EI GROUP PLC,
EIH PLC,
EJF INVESTMENTS LTD,
EKF DIAGNOSTICS HOLDINGS PLC,
ELAND OIL & GAS PLC,
ELECOSOFT PLC,
ELECTRA PRIVATE EQUITY PLC,
ELECTROCOMPONENTS PLC,
ELEGANT HOTELS GROUP PLC,
ELEMENTIS PLC,
EMIS GROUP PLC,
EMMERSON PLC,
EMPIRIC STUDENT PROPERTY PLC,
EMPRESARIA GROUP PLC,
EMPYREAN ENERGY PLC,
ENDEAVOUR INTERNATIONAL CORPORATION,
ENERGEAN OIL & GAS PLC,
ENERGISER INVESTMENTS PLC,
EN+ GROUP INTERNATIONAL PUBLIC JOINT-STOCK COMPANY,
ENQUEST PLC,
ENTEQ UPSTREAM PLC,
ENTERTAINMENT AI PLC,
ENTERTAINMENT ONE LTD.,
EPE SPECIAL OPPORTUNITIES LIMITED,
EP GLOBAL OPPORTUNITIES TRUST PLC,
EPWIN GROUP PLC,
EQTEC PLC,
EQUALS GROUP PLC,
EQUATORIAL PALM OIL PLC,
EQUINITI GROUP PLC,
ERGOMED PLC,
ERRIS RESOURCES PLC,
ESCAPE HUNT PLC,
ESSENSYS PLC,
ESSENTRA PLC,
ETALON GROUP PLC,
E-THERAPEUTICS PLC,
ETHERNITY NETWORKS LTD,
EURASIA MINING PLC,
EUROCELL PLC,
EUROMONEY INSTITUTIONAL INVESTOR PLC,
EUROPA METALS LTD,
EUROPA OIL & GAS (HOLDINGS) PLC,
EUROPEAN ASSETS TRUST PLC,
EUROPEAN METALS HOLDINGS LIMITED,
EUROPEAN OPPORTUNITIES TRUST PLC,
EVERYMAN MEDIA GROUP PLC,
EVE SLEEP PLC,
EVGEN PHARMA PLC,
EVRAZ PLC,
EVR HOLDINGS PLC,
EXILLON ENERGY PLC,
EXPERIAN PLC,
EZZ STEEL COMPANY - S.A.E.,
FAIR OAKS INCOME LIMITED,
FALANX GROUP LIMITED,
FALCON OIL & GAS LTD.,
FANDANGO HOLDINGS PLC,
FAR EASTERN NEW CENTURY CORPORATION,
FAR EASTONE TELECOMMUNICATIONS CO LTD,
FARON PHARMACEUTICALS OY,
FASTFORWARD INNOVATIONS LIMITED,
FASTJET PLC,
FBD HOLDINGS PLC,
F&C INVESTMENT TRUST PLC,
FDM GROUP (HOLDINGS) PLC,
FEDERAL BANK LIMITED (THE),
"FEDERAL GRID COMPANY OF UNIFIED ENERGY SYSTEM, PUBLIC JOINT-STOCK COMPANY",
FEEDBACK PLC,
FERGUSON PLC,
FERREXPO PLC,
FERRO-ALLOY RESOURCES LIMITED,
FEVERTREE DRINKS PLC,
FIDELITY ASIAN VALUES PLC,
FIDELITY CHINA SPECIAL SITUATIONS PLC,
FIDELITY EUROPEAN VALUES PLC,
FIDELITY JAPAN TRUST PLC,
FIDELITY SPECIAL VALUES PLC,
FIH GROUP PLC,
FILTA GROUP HOLDINGS PLC,
FILTRONIC PLC,
FINABLR PLC,
FINNCAP GROUP PLC,
FINSBURY FOOD GROUP PLC,
FINSBURY GROWTH & INCOME TRUST PLC,
FIREANGEL SAFETY TECHNOLOGY GROUP PLC,
FIRESTONE DIAMONDS PLC,
FIRST DERIVATIVES PLC,
FIRSTGROUP PLC,
FIRST PROPERTY GROUP PLC,
FISHER (JAMES) & SONS PLC,
FISHGUARD & ROSSLARE RAILWAYS & HARBOURS COMPANY,
FISKE PLC,
FLETCHER KING PLC,
FLOWTECH FLUIDPOWER PLC,
FLUTTER ENTERTAINMENT PLC,
FOCUSRITE PLC,
FONDUL PROPRIETATEA S.A.,
FORESIGHT 4 VCT PLC,
FORESIGHT SOLAR FUND LIMITED,
FORESIGHT SOLAR & INFRASTRUCTURE VCT PLC,
FORESIGHT VCT PLC,
FORTERRA PLC,
FOX MARBLE HOLDINGS PLC,
FOXTONS GROUP PLC,
FRAGRANT PROSPERITY HOLDINGS LIMITED,
FRANCHISE BRANDS PLC,
FRENCH CONNECTION GROUP PLC,
FRENKEL TOPPING GROUP PLC,
FRESNILLO PLC,
FRONTIER DEVELOPMENTS PLC,
FRONTIER IP GROUP PLC,
FULCRUM UTILITY SERVICES LD,
"FULLER, SMITH & TURNER PLC",
FUNDING CIRCLE HOLDINGS PLC,
FUNDSMITH EMERGING EQUITIES TRUST PLC,
FUSION ANTIBODIES PLC,
FUTURA MEDICAL PLC,
FUTURE PLC,
G3 EXPLORATION LIMITED,
G4S PLC,
GABELLI MERGER PLUS+ TRUST PLC,
GABELLI VALUE PLUS+ TRUST PLC,
GAIL (INDIA) LD,
GALANTAS GOLD CORPORATION,
GALILEO RESOURCES PLC,
GALLIFORD TRY PLC,
GAMA AVIATION PLC,
GAMES WORKSHOP GROUP PLC,
GAMESYS GROUP PLC,
GAMING REALMS PLC,
GAMMA COMMUNICATIONS PLC,
GAN PLC,
GATELEY (HOLDINGS) PLC,
GATTACA PLC,
GB GROUP PLC,
GCM RESOURCES PLC,
GCP ASSET BACKED INCOME FUND LIMITED,
GCP INFRASTRUCTURE INVESTMENTS LIMITED,
GCP STUDENT LIVING PLC,
GEAR4MUSIC (HOLDINGS) PLC,
GEIGER COUNTER LIMITED,
GEM DIAMONDS LIMITED,
GENEDRIVE PLC,
GENEL ENERGY PLC,
GENERAL ACCIDENT PLC,
GENERAL ELECTRIC COMPANY,
GENESIS EMERGING MARKETS FUND LD,
GENUS PLC,
GEORGIA CAPITAL PLC,
GEORGIA HEALTHCARE GROUP PLC,
GEORGIAN MINING CORPORATION,
GETBUSY PLC,
GETECH GROUP PLC,
GFINITY PLC,
GLANBIA PLC,
GLAXOSMITHKLINE PLC,
GLENCORE PLC,
GLENVEAGH PROPERTIES PLC,
GLI FINANCE LIMITED,
GLOBALDATA PLC,
GLOBAL INVACOM GROUP LIMITED,
GLOBAL PETROLEUM LIMITED,
GLOBAL PORTS HOLDING PLC,
GLOBAL PORTS INVESTMENTS PLC,
GLOBAL RESOURCES INVESTMENT TRUST PLC,
GLOBALTRANS INVESTMENT PLC,
GLOBALWORTH REAL ESTATE INVESTMENTS LIMITED,
GO-AHEAD GROUP PLC,
GOCO GROUP PLC,
GOLDEN PROSPECT PRECIOUS METALS LIMITED,
GOLDEN ROCK GLOBAL PLC,
GOLDPLAT PLC,
GOLDSTONE RESOURCES LIMITED,
GOOCH & HOUSEGO PLC,
GOOD ENERGY GROUP PLC,
GOODWIN PLC,
GORE STREET ENERGY STORAGE FUND PLC,
GRAFENIA PLC,
GRAFTON GROUP PLC,
GRAINGER PLC,
GRAND FORTUNE HIGH GRADE LIMITED,
GRAND VISION MEDIA HOLDINGS PLC,
GRAN TIERRA ENERGY INC.,
GRC INTERNATIONAL GROUP PLC,
GREAT EASTERN ENERGY CORPORATION LIMITED,
GREATLAND GOLD PLC,
GREAT PORTLAND ESTATES PLC,
GREAT WESTERN MINING CORPORATION PLC,
GREENCOAT RENEWABLES PLC,
GREENCOAT UK WIND PLC,
GREENCORE GROUP PLC,
GREEN ENERGY TECHNOLOGY INC.,
GREEN & SMART HOLDINGS PLC,
GREGGS PLC,
GRESHAM HOUSE ENERGY STORAGE FUND PLC,
GRESHAM HOUSE PLC,
GRESHAM HOUSE RENEWABLE ENERGY VCT 1 PLC,
GRESHAM HOUSE RENEWABLE ENERGY VCT 2 PLC ,
GRESHAM HOUSE STRATEGIC PLC,
GRESHAM TECHNOLOGIES PLC,
GRIFFIN MINING LIMITED,
GRIT REAL ESTATE INCOME GROUP LIMITED,
GROUND RENTS INCOME FUND PLC,
GRUPO CLARIN S.A.,
GSTECHNOLOGIES LTD,
GUARANTY TRUST BANK PLC,
GULF INVESTMENT FUND PLC,
GULF KEYSTONE PETROLEUM LTD,
GULF MARINE SERVICES PLC,
GUNSYND PLC,
GUSBOURNE PLC,
GVC HOLDINGS PLC,
GYG PLC,
HADRIAN'S WALL SECURED INVESTMENTS LIMITED,
HALFORDS GROUP PLC,
HALMA PLC,
HAMMERSON PLC,
HANATOUR SERVICE INC.,
HANSA INVESTMENT COMPANY LIMITED,
HANSARD GLOBAL PLC,
HANSTEEN HOLDINGS PLC,
HARBOURVEST GLOBAL PRIVATE EQUITY LIMITED,
HARDIDE PLC,
HARDY OIL & GAS PLC,
HARGREAVE HALE AIM VCT PLC,
HARGREAVES LANSDOWN PLC,
HARGREAVES SERVICES PLC,
HARVEST MINERALS LIMITED,
HARWOOD WEALTH MANAGEMENT GROUP PLC,
HARWORTH GROUP PLC,
HASTINGS GROUP HOLDINGS PLC,
HAWKWING PLC,
HAYDALE GRAPHENE INDUSTRIES PLC,
HAYNES PUBLISHING GROUP PLC,
HAYS PLC,
HEADLAM GROUP PLC,
HEATH (SAMUEL) & SONS PLC,
HEAVITREE BREWERY PLC,
HELICAL PLC,
HELIOS TOWERS PLC,
HELIOS UNDERWRITING PLC,
HELLENIC PETROLEUM SA,
HELLENIC TELECOMMUNICATIONS ORGANIZATION S.A.,
HEMOGENYX PHARMACEUTICALS PLC,
HENDERSON ALTERNATIVE STRATEGIES TRUST PLC,
HENDERSON DIVERSIFIED INCOME TRUST PLC,
HENDERSON EUROPEAN FOCUS TRUST PLC,
HENDERSON EUROTRUST PLC,
HENDERSON FAR EAST INCOME LIMITED,
HENDERSON HIGH INCOME TRUST PLC,
HENDERSON INTERNATIONAL INCOME TRUST PLC,
HENDERSON OPPORTUNITES TRUST PLC,
HENDERSON SMALLER COMPANIES INVESTMENT TRUST PLC,
HERALD INVESTMENT TRUST PLC,
HERMES PACIFIC INVESTMENTS PLC,
HERTSFORD CAPITAL PLC,
HG CAPITAL TRUST PLC,
HIBERNIA REIT P.L.C.,
HICL INFRASTRUCTURE PLC,
HIDONG ESTATE PLC,
HIGHBRIDGE TACTICAL CREDIT FUND LIMITED,
HIGHCROFT INVESTMENTS PLC,
HIGHLAND GOLD MINING LD,
HIGHWAY CAPITAL PLC,
HIKMA PHARMACEUTICALS PLC,
HILL & SMITH HOLDINGS PLC,
HILTON FOOD GROUP PLC,
HIPGNOSIS SONGS FUND LIMITED,
HISCOX LTD,
HML HOLDINGS PLC,
HMS HYDRAULIC  MACHINES & SYSTEMS GROUP PLC,
HOCHSCHILD MINING PLC,
HOLDERS TECHNOLOGY PLC,
HOLLYWOOD BOWL GROUP PLC,
HOMESERVE PLC,
HONEYCOMB INVESTMENT TRUST PLC,
HONEYWELL INTERNATIONAL INCORPORATED,
HONG KONG LAND HOLDINGS LD,
HON HAI PRECISION INDUSTRY CO. LTD,
HONYE FINANCIAL SERVICES LIMITED,
HORIZON DISCOVERY GROUP PLC,
HORIZONTE MINERALS PLC,
HORNBY PLC,
HOSTELWORLD GROUP PLC,
HOTEL CHOCOLAT GROUP PLC,
HOWDEN JOINERY GROUP PLC,
HSBC HOLDINGS PLC,
HSS HIRE GROUP PLC,
H&T GROUP PLC,
"HUATAI SECURITIES CO., LTD.",
HUMMINGBIRD RESOURCES PLC,
HUNTERS PROPERTY PLC,
HUNTING PLC,
HUNTSWORTH PLC,
HURRICANE ENERGY PLC,
HUTCHISON CHINA MEDITECH LIMITED,
HVIVO PLC,
HWANGE COLLIERY COMPANY LIMITED,
HYDRODEC GROUP PLC,
HYDROGEN GROUP PLC,
HYUNDAI MOTOR COMPANY,
HYVE GROUP PLC,
I3 ENERGY PLC,
IBSTOCK PLC,
ICG ENTERPRISE TRUST PLC,
ICG-LONGBOW SENIOR SECURED UK PROPERTY DEBT INVESTMENTS LIMITED,
ICONIC LABS PLC,
IDEAGEN PLC,
IDE GROUP HOLDINGS PLC,
IDOX PLC,
IENERGIZER LD,
IGAS ENERGY PLC,
IG DESIGN GROUP PLC,
IG GROUP HOLDINGS PLC,
IG SEISMIC SERVICES PLC,
ILIKA PLC,
IMAGE SCAN HOLDINGS PLC,
IMC EXPLORATION GROUP PLC,
IMIMOBILE PLC,
IMI PLC,
IMMEDIA GROUP PLC,
IMMOTION GROUP PLC,
IMMUNODIAGNOSTIC SYSTEMS HOLDINGS PLC,
IMMUPHARMA PLC,
IMPACT HEALTHCARE REIT PLC,
IMPAX ASSET MANAGEMENT GROUP PLC,
IMPAX ENVIRONMENTAL MARKETS PLC,
IMPELLAM GROUP PLC,
IMPERIAL BRANDS PLC,
INCE GROUP PLC (THE),
INCHCAPE PLC,
INCOME & GROWTH VCT (THE) PLC,
INDEPENDENT INVESTMENT TRUST PLC,
INDEPENDENT OIL & GAS PLC,
INDIA CAPITAL GROWTH FUND LIMITED,
INDIGOVISION GROUP PLC,
INDIVIOR PLC,
INDUCTION HEALTHCARE GROUP PLC,
INDUS GAS LIMITED,
I-NEXUS GLOBAL PLC,
INFORMA PLC,
INFRASTRATA PLC,
INFRASTRUCTURE INDIA PLC,
INGENTA PLC,
INLAND HOMES PLC,
INLAND ZDP PLC,
INMARSAT PLC,
INNOVADERMA PLC,
INSPIRATION HEALTHCARE GROUP PLC,
INSPIRED ENERGY PLC,
INSPIRIT ENERGY HOLDINGS PLC,
INSTEM PLC,
INTEGRAFIN HOLDINGS PLC,
INTEGRATED DIAGNOSTICS HOLDINGS PLC,
INTEGUMEN PLC,
INTELLIGENT ULTRASOUND GROUP PLC,
INTERCEDE GROUP PLC,
INTERCONTINENTAL HOTELS GROUP PLC,
INTERMEDIATE CAPITAL GROUP PLC,
INTERNATIONAL BIOTECHNOLOGY TRUST PLC,
INTERNATIONAL BUSINESS MACHINES CORPORATION,
INTERNATIONAL CONSOLIDATED AIRLINES GROUP S.A.,
INTERNATIONAL PERSONAL FINANCE PLC,
INTERNATIONAL PUBLIC PARTNERSHIPS LD,
INTERTEK GROUP PLC,
INTOSOL HOLDINGS PLC,
INTU PROPERTIES PLC,
INVESCO ASIA TRUST PLC,
INVESCO ENHANCED INCOME LIMITED,
INVESCO INCOME GROWTH TRUST PLC,
INVESCO PERPETUAL SELECT TRUST PLC,
INVESCO PERPETUAL UK SMALLER COMPANIES INVESTMENT TRUST PLC,
INVESTEC INVESTMENT TRUST PLC,
INVESTEC PLC,
INVESTMENT COMPANY PLC,
IOFINA PLC,
IOMART GROUP PLC,
IP GROUP PLC,
IQ-AI LIMITED,
IQE PLC,
IQGEO GROUP PLC,
IRF EUROPEAN FINANCE INVESTMENTS LTD,
IRISH CONTINENTAL GROUP PLC,
IRONRIDGE RESOURCES LIMITED,
IRONVELD PLC,
ITACONIX PLC,
ITM POWER PLC,
ITV PLC,
IWG PLC,
IXICO PLC,
JADESTONE ENERGY INC,
JAMES HALSTEAD PLC,
JANGADA MINES PLC,
JARDINE MATHESON HOLDINGS LD,
JARDINE STRATEGIC HOLDINGS LD,
JARVIS SECURITIES PLC,
JAYWING PLC,
JD SPORTS FASHION PLC,
JERSEY ELECTRICITY PLC,
JERSEY OIL AND GAS PLC,
JKX OIL & GAS PLC,
JLEN ENVIRONMENTAL ASSETS GROUP LIMITED,
JOHN LAING GROUP PLC,
JOHN LEWIS OF HUNGERFORD PLC,
JOHNSON MATTHEY PLC,
JOHNSON SERVICE GROUP PLC,
JOINT STOCK COMPANY NATIONAL ATOMIC COMPANY KAZATOMPROM,
JOULES GROUP PLC,
JPEL PRIVATE EQUITY LIMITED,
JPMORGAN AMERICAN INVESTMENT TRUST PLC,
JPMORGAN ASIAN INVESTMENT TRUST PLC,
JPMORGAN BRAZIL INVESTMENT TRUST PLC,
JPMORGAN CHINESE INVESTMENT TRUST PLC,
JPMORGAN CLAVERHOUSE INVESTMENT TRUST PLC,
JPMORGAN ELECT PLC,
JPMORGAN EMERGING MARKETS INVESTMENT TRUST PLC,
JPMORGAN EUROPEAN INVESTMENT TRUST PLC,
JPMORGAN EURO SMALL CO. TRUST PLC,
JPMORGAN GLOBAL CORE REAL ASSETS LIMITED,
JPMORGAN GLOBAL EMERGING MARKETS INCOME TRUST PLC,
JPMORGAN GLOBAL GROWTH & INCOME PLC,
JPMORGAN INDIAN INVESTMENT TRUST PLC,
JPMORGAN JAPANESE INVESTMENT TRUST PLC,
JPMORGAN JAPAN SMALLER CO TST PLC,
JPMORGAN MID CAPITAL INVESTMENT TRUST PLC,
JPMORGAN MULTI-ASSET TRUST PLC,
JPMORGAN RUSSIAN SECURITIES PLC,
JPMORGAN SMALLER COMPANIES INVESTMENT TRUST PLC,
JPMORGAN US SMALLER CO. INV TST PLC,
JSC HALYK BANK,
JSC VTB BANK,
JTC PLC,
JUBILEE METALS GROUP PLC,
JUDGES SCIENTIFIC PLC,
JUPITER EMERGING & FRONTIER INCOME TRUST PLC,
JUPITER FUND MANAGEMENT PLC,
JUPITER GREEN INVESTMENT TRUST PLC,
JUPITER UK GROWTH INVESTMENT TRUST PLC,
JUPITER US SMALLER COMPANIES PLC,
JUST EAT PLC,
JUST GROUP PLC,
JZ CAPITAL PARTNERS LIMITED,
K3 BUSINESS TECHNOLOGY GROUP PLC,
K3 CAPITAL GROUP PLC,
KAINOS GROUP PLC,
KAKUZI LD,
KAPE TECHNOLOGIES PLC,
KARELIAN DIAMOND RESOURCES PLC,
KATORO GOLD PLC,
KAVANGO RESOURCES PLC,
KAZERA GLOBAL PLC,
KAZ MINERALS PLC,
KCELL JOINT STOCK COMPANY,
KCR RESIDENTIAL REIT PLC,
KEFI MINERALS PLC,
KELLER GROUP PLC,
KENMARE RESOURCES PLC,
KERAS RESOURCES PLC,
KERRY GROUP PLC,
KEYSTONE INVESTMENT TRUST PLC,
KEYSTONE LAW GROUP PLC,
KEYWORDS STUDIOS PLC,
KIBO ENERGY PLC,
KIER GROUP PLC,
KIN AND CARTA PLC,
KINGFISHER PLC,
KINGS ARMS YARD VCT PLC,
KINGSPAN GROUP PLC,
KINGSWOOD HOLDINGS LIMITED,
KNIGHTS GROUP HOLDINGS PLC,
KODAL MINERALS PLC,
KONAMI HOLDINGS CORPORATION,
KOOVS PLC,
KORE POTASH PLC,
KOSMOS ENERGY LTD,
KRM22 PLC,
KROMEK GROUP PLC,
KROPZ PLC,
KSK POWER VENTUR PLC,
KUBERA CROSS-BORDER FUND LIMITED,
LAMPRELL PLC,
LANCASHIRE HOLDINGS LIMITED,
LANDORE RESOURCES LIMITED,
LANDSCAPE ACQUISITION HOLDINGS LIMITED,
LAND SECURITIES GROUP PLC,
LANSDOWNE OIL & GAS PLC,
LARSEN AND TOUBRO LIMITED,
LATHAM (JAMES) PLC,
LAW DEBENTURE CORPORATION PLC,
LEAF CLEAN ENERGY COMPANY,
LEARNING TECHNOLOGIES GROUP PLC,
LEEDS GROUP PLC,
LEGAL & GENERAL GROUP PLC,
LEKOIL LIMITED,
LENTA LTD,
LG ELECTRONICS INC,
LIDCO GROUP PLC,
LIFE SETTLEMENT ASSETS PLC,
LIGHTWAVERF PLC,
LIMITLESS EARTH PLC,
LINDSELL TRAIN INVESTMENT TRUST PLC,
LIONTRUST ASSET MANAGEMENT PLC,
LITE-ON TECHNOLOGY CORPORATION,
LITIGATION CAPITAL MANAGEMENT LIMITED,
LIVE COMPANY GROUP PLC,
LIVERMORE INVESTMENTS GROUP LIMITED,
LLOYDS BANKING GROUP PLC,
LMS CAPITAL PLC,
LOCATION SCIENCES GROUP PLC,
LOK'N STORE GROUP PLC,
LONDON & ASSOCIATED PROPERTIES PLC,
LONDON FINANCE & INVESTMENT GROUP PLC,
LONDONMETRIC PROPERTY PLC,
LONDON SECURITY PLC,
LONDON STOCK EXCHANGE GROUP PLC,
LONGBOAT ENERGY PLC,
LOOKERS PLC,
LOOPUP GROUP PLC,
LOUNGERS PLC,
LOW & BONAR PLC,
LOWLAND INVESTMENT COMPANY PLC,
LPA GROUP PLC,
LSL PROPERTY SERVICES PLC,
LUCECO PLC,
LUCKY CEMENT LIMITED,
LXI REIT PLC,
MACAU PROPERTY OPPORTUNITIES FUND LIMITED,
MACFARLANE GROUP PLC,
MADINET NASR FOR HOUSING & DEVELOPMENT S.A.E.,
MAESTRANO GROUP PLC,
MAGYAR TELEKOM TELECOMMUNICATIONS PLC,
MAHINDRA & MAHINDRA LIMITED,
MAIL.RU GROUP LIMITED,
MAINTEL HOLDINGS PLC,
MAJEDIE INVESTMENTS PLC,
MALVERN INTERNATIONAL PLC,
MANAGEMENT CONSULTING GROUP PLC,
MANAGEMENT RESOURCE SOLUTIONS PLC,
MANCHESTER & LONDON INVESTMENT TRUST PLC,
MANDARIN ORIENTAL INTERNATIONAL LD,
MANDO MACHINERY CORPORATION,
MAN GROUP PLC,
MANOLETE PARTNERS PLC,
MANX FINANCIAL GROUP PLC,
MARBLE POINT LOAN FINANCING LIMITED,
MARECHALE CAPITAL PLC,
MARKS AND SPENCER GROUP PLC,
MARLOWE PLC,
MARSHALL MOTOR HOLDINGS PLC,
MARSHALLS PLC,
MARSH & MCLENNAN COS. INC,
MARSTON'S PLC,
MARTIN CURRIE GLOBAL PORTFOLIO TRUST PLC,
MARUWA CO. LTD,
MARWYN VALUE INVESTORS LIMITED,
MATOMY MEDIA GROUP LTD.,
MATTIOLI WOODS PLC,
MAVEN INCOME AND GROWTH VCT 3 PLC,
MAVEN INCOME AND GROWTH VCT 5 PLC,
MAVEN INCOME AND GROWTH VCT 6 PLC,
MAVEN INCOME & GROWTH VCT 4 PLC,
MAVEN INCOME & GROWTH VCT PLC,
MAXCYTE INC,
MCBRIDE PLC,
MCCARTHY & STONE PLC,
MCCOLL'S RETAIL GROUP PLC,
MCKAY SECURITIES PLC,
MC MINING LIMITED,
M&C SAATCHI PLC,
MD MEDICAL GROUP INVESTMENTS PLC,
MEARS GROUP PLC,
MEDIA AND INCOME TRUST PLC,
MEDIAZEST PLC,
MEDICA GROUP PLC,
MEDICLINIC INTERNATIONAL PLC,
MEGGITT PLC,
MEIKLES LIMITED,
MELROSE INDUSTRIES PLC,
MENA LAND PLC,
MENHADEN PLC,
MENZIES(JOHN) PLC,
MERCANTILE INVESTMENT TRUST (THE) PLC,
MERCANTILE PORTS & LOGISTICS LIMITED,
MERCHANTS TRUST PLC,
MERCIA ASSET MANAGEMENT PLC,
MEREO BIOPHARMA GROUP PLC,
MERIAN CHRYSALIS INVESTMENT COMPANY LIMITED,
METALNRG PLC,
METALS EXPLORATION PLC,
METAL TIGER PLC,
METRO BANK PLC,
M&G CREDIT INCOME INVESTMENT TRUST PLC,
M&G PLC,
MHP SE,
MICHELMERSH BRICK HOLDINGS PLC,
MICRO FOCUS INTERNATIONAL PLC,
MICROSAIC SYSTEMS PLC,
MIDATECH PHARMA PLC,
MIDDLEFIELD CANADIAN INCOME PCC,
MIDWICH GROUP PLC,
MID-WYND INTERNATIONAL INVESTMENT TRUST PLC,
MILA RESOURCES PLC,
MINCON GROUP PLC,
MIND GYM PLC,
MINDS + MACHINES GROUP LIMITED,
MINERAL & FINANCIAL INVESTMENTS LIMITED,
MINOAN GROUP PLC,
MI-PAY GROUP PLC,
MIRADA PLC,
MIRRIAD ADVERTISING PLC,
MITCHELLS & BUTLERS PLC,
MITIE GROUP PLC,
MITON GLOBAL OPPORTUNITIES PLC,
MITON UK MICROCAP TRUST PLC,
MITSUBISHI ELECTRIC CORPORATION,
MJ GLEESON PLC,
MKANGO RESOURCES LTD,
MOBEUS INCOME & GROWTH 2 VCT PLC,
MOBEUS INCOME & GROWTH 4 VCT PLC,
MOBEUS INCOME & GROWTH VCT PLC,
MOBILE STREAMS PLC,
MOBILE TORNADO GROUP PLC,
MOBILITYONE LIMITED,
MOBIUS INVESTMENT TRUST PLC,
MODERN WATER PLC,
MONDI PLC,
MONEYSUPERMARKET.COM GROUP PLC,
MONKS INVESTMENT TRUST PLC,
MONTANARO EUROPEAN SMALLER C. TST PLC,
MONTANARO UK SMALLER COMPANIES INVESTMENT TRUST PLC,
MORGAN ADVANCED MATERIALS PLC,
MORGAN SINDALL GROUP PLC,
MORRISON (WM) SUPERMARKETS PLC,
MORSES CLUB PLC,
MORTGAGE ADVICE BUREAU (HOLDINGS) PLC,
MOSMAN OIL AND GAS LIMITED,
MOSS BROS GROUP PLC,
MOTHERCARE PLC,
MOTIF BIO PLC,
MOTORPOINT GROUP PLC,
MOUNTFIELD GROUP PLC,
MOUNTVIEW ESTATES PLC,
MPAC GROUP PLC,
M.P. EVANS GROUP PLC,
MPORIUM GROUP PLC,
MS INTERNATIONAL PLC,
MTI WIRELESS EDGE LTD.,
MULBERRY GROUP PLC,
MURGITROYD GROUP PLC,
MURRAY INCOME TRUST PLC,
MURRAY INTERNATIONAL TRUST PLC,
MUSEDIA CORPORATION,
MUSTANG ENERGY PLC,
M WINKWORTH PLC,
MXC CAPITAL LIMITED,
MYANMAR INVESTMENTS INTERNATIONAL LIMITED,
MYANMAR STRATEGIC HOLDINGS LIMITED,
MYCELX TECHNOLOGIES CORPORATION,
MYSALE GROUP PLC,
N4 PHARMA PLC,
NAHL GROUP PLC,
NAKAMA GROUP PLC,
NAKED WINES PLC,
NANOCO GROUP PLC,
NASPERS LIMITED,
NASSTAR PLC,
NATIONAL EXPRESS GROUP PLC,
NATIONAL GRID PLC,
NATIONAL WORLD PLC,
NATIONWIDE BUILDING SOCIETY,
NB DISTRESSED DEBT INVESTMENT FUND LIMITED,
NB GLOBAL FLOATING RATE INCOME FUND LIMITED,
NB PRIVATE EQUITY PARTNERS LIMITED,
NCC GROUP PLC,
NCONDEZI ENERGY LIMITED,
NEKTAN PLC,
NETCALL PLC,
NETSCIENTIFIC PLC,
NETWORK INTERNATIONAL HOLDINGS PLC,
NEW CENTURY AIM VCT 2 PLC,
NEW CENTURY AIM VCT PLC,
NEWMARK SECURITY PLC,
NEWRIVER REIT PLC,
NEW STAR INVESTMENT TRUST PLC,
NEW TREND LIFESTYLE GROUP PLC,
NEXTENERGY SOLAR FUND LIMITED,
NEXT FIFTEEN COMMUNICATIONS GROUP PLC,
NEXT PLC,
NEXUS INFRASTRUCTURE PLC,
NICHOLS PLC,
NMBZ HOLDINGS LD,
NMC HEALTH PLC,
NMCN PLC,
NON-STANDARD FINANCE PLC,
NORCROS PLC,
NORISH PLC,
NORMAN BROADBENT PLC,
NORTHAMBER PLC,
NORTH AMERICAN INCOME TRUST (THE) PLC,
NORTH ATLANTIC SMALLER COMPANIES INVESTMENT TRUST PLC,
NORTHBRIDGE INDUSTRIAL SERVICES PLC,
NORTHERN 2 VCT PLC,
NORTHERN 3 VCT PLC,
NORTHERN BEAR PLC,
NORTHERN ELECTRIC PLC,
NORTHERN VENTURE TRUST PLC,
NORTHGATE PLC,
NOSTRA TERRA OIL AND GAS COMPANY PLC,
NOSTRUM OIL & GAS PLC,
NOVACYT S.A.,
"NOVA LJUBLJANSKA BANKA D.D., LJUBLJANA",
NOVOLIPETSK STEEL,
NUCLEUS FINANCIAL GROUP PLC,
NUFORMIX PLC,
NUMIS CORPORATION PLC,
NU-OIL AND GAS PLC,
NWF GROUP PLC,
OAKLEY CAPITAL INVESTMENTS LIMITED,
OCADO GROUP PLC,
OCEAN OUTDOOR LIMITED,
OCEAN WILSONS (HOLDINGS) LD,
OCTAGONAL PLC,
OCTOPUS AIM VCT 2 PLC,
OCTOPUS AIM VCT PLC,
OCTOPUS APOLLO VCT PLC,
OCTOPUS TITAN VCT PLC,
ODYSSEAN INVESTMENT TRUST PLC,
OIL AND GAS DEVELOPMENT COMPANY LIMITED,
OILEX LD,
OJSC ROSTELECOM,
O'KEY GROUP S.A.,
OKYO PHARMA LIMITED,
OLD MUTUAL LIMITED,
OLEEO PLC,
OMEGA DIAGNOSTICS GROUP PLC,
OMV PETROM S.A.,
ONCIMMUNE HOLDINGS PLC,
ONE MEDIA IP GROUP PLC,
ONESAVINGS BANK PLC,
ONLINE BLOCKCHAIN PLC,
ON THE BEACH GROUP PLC,
ONTHEMARKET PLC,
OPEN ORPHAN PLC,
OPG POWER VENTURES PLC,
OPTIBIOTIX HEALTH PLC,
ORACLE POWER PLC,
ORASCOM INVESTMENT HOLDING S.A.E,
ORCHARD FUNDING GROUP PLC,
ORCHID PHARMA LIMITED,
ORIENT TELECOMS PLC,
ORIGIN ENTERPRISES PLC,
ORIGO PARTNERS PLC,
ORIOLE RESOURCES PLC,
ORMONDE MINING PLC,
OROSUR MINING INC,
ORYX INTERNATIONAL GROWTH FUND LTD,
OSIRIUM TECHNOLOGIES PLC,
OTP BANK PLC,
OVOCA BIO PLC,
OXFORD BIODYNAMICS PLC,
OXFORD BIOMEDICA PLC,
OXFORD INSTRUMENTS PLC,
OXFORD METRICS PLC,
OXFORD TECHNOLOGY 2 VENTURE CAPITAL TRUST PLC,
OXFORD TECHNOLOGY 3 VENTURE CAPITAL TRUST PLC,
OXFORD TECHNOLOGY 4 VENTURE CAPITAL TRUST PLC,
OXFORD TECHNOLOGY VENTURE CAPITAL TRUST PLC,
PACIFIC ALLIANCE CHINA LAND LIMITED,
PACIFIC ASSETS TRUST PLC,
PACIFIC HORIZON INVESTMENT TRUST PLC,
PAGEGROUP PLC,
PAINTS & CHEMICAL INDUSTRIES COMPANY S.A.E.,
PALACE CAPITAL PLC,
PALM HILLS DEVELOPMENTS S.A.E,
PAN AFRICAN RESOURCES PLC,
PANTHEON INTERNATIONAL PLC,
PANTHEON RESOURCES PLC,
PANTHERA RESOURCES PLC,
PANTHER SECURITIES PLC,
PAO NOVATEK,
PAO TMK,
PAPILLON HOLDINGS PLC,
PARAGON BANKING GROUP PLC,
PARITY GROUP PLC,
PARKMEAD GROUP (THE) PLC,
PATHFINDER MINERALS PLC,
PATH INVESTMENTS PLC,
PAYPOINT PLC,
PCF GROUP PLC,
PCGH ZDP PLC,
PCI-PAL PLC,
PEARSON FUNDING PLC,
PEARSON PLC,
PEBBLE BEACH SYSTEMS GROUP PLC,
PELATRO PLC,
PEMBRIDGE RESOURCES PLC,
PEMBROKE VCT PLC,
PENDRAGON PLC,
PENNANT INTERNATIONAL GROUP PLC,
PENNON GROUP PLC,
PENNPETRO ENERGY PLC,
PERMANENT TSB GROUP HOLDINGS PLC,
PERPETUAL INCOME AND GROWTH INVESTMENT TRUST PLC,
PERSHING SQUARE HOLDINGS LTD,
PERSIMMON PLC,
PERSONAL ASSETS TRUST PLC,
PERSONAL GROUP HOLDINGS PLC,
PETARDS GROUP PLC,
PETRA DIAMONDS LIMITED,
PETREL RESOURCES PLC,
PETROFAC LIMITED,
PETRO MATAD LIMITED,
PETRONEFT RESOURCES PLC,
PETROPAVLOVSK PLC,
PETROTAL CORPORATION,
PETS AT HOME GROUP PLC,
PGIT SECURITIES 2020 PLC,
PHAROS ENERGY PLC,
PHOENIX COPPER LIMITED,
PHOENIX GLOBAL RESOURCES PLC,
PHOENIX GROUP HOLDINGS PLC,
PHOENIX SPREE DEUTSCHLAND LIMITED,
PHOTO-ME INTERNATIONAL PLC,
PHSC PLC,
PHYSIOMICS PLC,
PICTON PROPERTY INCOME LD,
PIPEHAWK PLC,
PIRES INVESTMENTS PLC,
PITTARDS PLC,
PJSC ACRON,
PJSC CENTER FOR CARGO CONTAINER TRAFFIC TRANSCONTAINER,
PJSC GAZPROM,
PJSC LSR GROUP,
PJSC LUKOIL ,
PJSC MAGNIT,
PJSC MAGNITOGORSK IRON & STEEL WORKS,
PJSC MMC NORILSK NICKEL,
PJSC PHOSAGRO,
PJSC RUSHYDRO,
PJSC TATNEFT,
PLANT HEALTH CARE PLC,
PLAYTECH PLC,
PLAZA CENTERS N.V.,
PLEXUS HOLDINGS PLC,
PLUS500 LTD,
PLUTUS POWERGEN PLC,
PME AFRICAN INFRASTRUCTURE OPPORTUNITIES PLC,
POLAR CAPITAL GLOBAL FINANCIALS TRUST PLC,
POLAR CAPITAL GLOBAL HEALTHCARE TRUST PLC,
POLAR CAPITAL HOLDINGS PLC,
POLAR CAPITAL TECHNOLOGY TRUST PLC,
POLAREAN IMAGING PLC,
POLLEN STREET SECURED LENDING PLC,
POLO RESOURCES LIMITED,
POLYMETAL INTERNATIONAL PLC,
POLYPIPE GROUP PLC,
PORTMEIRION GROUP PLC,
PORVAIR PLC,
POWERCHIP TECHNOLOGY CORPORATION,
POWERHOUSE ENERGY GROUP PLC,
POWER METAL RESOURCES PLC,
PPHE HOTEL GROUP LIMITED,
PRAIRIE MINING LIMITED,
PREDATOR OIL & GAS HOLDINGS PLC,
PREMIER AFRICAN MINERALS LIMITED,
PREMIER FOODS PLC,
PREMIER GLOBAL INFRASTRUCTURE TRUST PLC,
PREMIER MITON GROUP PLC,
PREMIER OIL PLC,
PREMIER VETERINARY GROUP PLC,
PRESIDENT ENERGY PLC,
PRESS CORPORATION PLC,
PRESSURE TECHNOLOGIES PLC,
PRIMARY HEALTH PROPERTIES PLC,
PRIME PEOPLE PLC,
PRIMORUS INVESTMENTS PLC,
PRINCESS PRIVATE EQUITY HOLDING LIMITED,
PROACTIS HOLDINGS PLC,
PROMOS TECHNOLOGIES INC,
PROPERTY FRANCHISE GROUP PLC (THE),
PROPHOTONIX LIMITED,
PROSPEX OIL AND GAS PLC,
PROTEOME SCIENCES PLC,
PROTON POWER SYSTEMS PLC,
PROVEN GROWTH & INCOME VCT PLC,
PROVEN VCT PLC,
PROVEXIS PLC,
PROVIDENCE RESOURCES PLC,
PROVIDENT FINANCIAL PLC,
PRS REIT (THE) PLC,
PRUDENTIAL PLC,
PUBLIC JOINT STOCK COMPANY GAZPROM NEFT,
PUBLIC JOINT STOCK COMPANY NOVOROSSIYSK COMMERCIAL SEA PORT,
PUBLIC JOINT STOCK COMPANY POLYUS,
PUBLIC JOINT STOCK COMPANY ROSSETI,
PUBLIC JOINT STOCK COMPANY SEVERSTAL,
PUMA VCT 11 PLC,
PUMA VCT 12 PLC,
PUMA VCT 13 PLC,
PURECIRCLE LIMITED,
PURE GOLD MINING INC.,
PURETECH HEALTH PLC,
PURPLEBRICKS GROUP PLC,
PV CRYSTALOX SOLAR PLC,
PZ CUSSONS PLC,
QANNAS INVESTMENTS LIMITED,
QINETIQ GROUP PLC,
QUADRISE FUELS INTERNATIONAL PLC,
QUARTIX HOLDINGS PLC,
QUARTO GROUP INCORPORATED,
QUILTER PLC,
QUIXANT PLC,
QUIZ PLC,
RAINBOW RARE EARTHS LIMITED,
RA INTERNATIONAL GROUP PLC,
RAMBLER METALS & MINING PLC,
RAMSDENS HOLDINGS PLC,
RANDALL & QUILTER INVESTMENT HOLDINGS LTD,
RANGE RESOURCES LIMITED,
RANK GROUP PLC,
RATHBONE BROTHERS PLC,
RAVEN PROPERTY GROUP LIMITED,
RBG HOLDINGS PLC,
RDI REIT P.L.C.,
RDL REALISATION PLC,
REABOLD RESOURCES PLC,
REACH4ENTERTAINMENT ENTERPRISES PLC,
REACH PLC,
REACT GROUP PLC,
R.E.A. HOLDINGS PLC,
REAL ESTATE CREDIT INVESTMENTS LIMITED,
REAL ESTATE INVESTORS PLC,
REAL GOOD FOOD PLC,
RECKITT BENCKISER GROUP PLC,
RECONSTRUCTION CAPITAL II LIMITED,
RECORD PLC,
REDCENTRIC PLC,
REDDE PLC,
RED EMPEROR RESOURCES NL,
RED ROCK RESOURCES PLC,
REDROW PLC,
REDT ENERGY PLC,
REDX PHARMA PLC,
REGAL PETROLEUM PLC,
REGENCY MINES PLC,
REGIONAL REIT LIMITED,
REI AGRO LTD,
RELIANCE INDUSTRIES LIMITED,
RELIANCE INFRASTRUCTURE LD,
RELX PLC,
REMOTE MONITORED SYSTEMS PLC,
RENALYTIX AI PLC,
RENEURON GROUP PLC,
RENEW HOLDINGS PLC,
RENEWI PLC,
RENISHAW PLC,
RENOLD PLC,
RENTOKIL INITIAL PLC,
REPUBLIC GOLDFIELDS INCORPORATED,
RESIDENTIAL SECURE INCOME PLC,
RESOLUTE MINING LIMITED,
RESTAURANT GROUP PLC,
RESTORE PLC,
REVOLUTION BARS GROUP PLC,
RHI MAGNESITA N.V.,
RICARDO PLC,
RICHLAND RESOURCES LTD,
RICOH CO LTD,
RIGHTMOVE PLC,
RIGHTS & ISSUES INVESTMENT TRUST PLC,
RIO TINTO PLC,
RIT CAPITAL PARTNERS PLC,
RIVER AND MERCANTILE GROUP PLC,
RIVER AND MERCANTILE UK MICRO CAP INVESTMENT COMPANY LIMITED,
RIVERFORT GLOBAL OPPORTUNITIES PLC,
RIVERSTONE CREDIT OPPORTUNITIES INCOME PLC,
RIVERSTONE ENERGY LIMITED,
RM2 INTERNATIONAL S.A.,
RM PLC,
RM SECURED DIRECT LENDING PLC,
RM ZDP PLC,
ROBERT WALTERS PLC,
ROBINSON PLC,
ROCKFIRE RESOURCES PLC,
ROCKHOPPER EXPLORATION PLC,
ROCKPOOL ACQUISITIONS PLC,
ROCKROSE ENERGY PLC,
ROLLS-ROYCE HOLDINGS PLC,
ROS AGRO PLC,
ROSE PETROLEUM PLC,
ROSNEFT OIL COMPANY ,
ROSS GROUP PLC,
ROSSLYN DATA TECHNOLOGIES PLC,
ROTALA PLC,
ROTORK PLC,
ROYAL BANK OF SCOTLAND GROUP PLC,
ROYAL DUTCH SHELL PLC,
ROYAL MAIL PLC,
RPS GROUP PLC,
RSA INSURANCE GROUP PLC,
RTC GROUP PLC,
RTW VENTURE FUND LIMITED,
RUFFER INVESTMENT COMPANY LTD,
RURELEC PLC,
RWS HOLDINGS PLC,
RYANAIR HOLDINGS PLC,
S4 CAPITAL PLC,
SABIEN TECHNOLOGY GROUP PLC,
SABRE INSURANCE GROUP PLC,
SAFE HARBOUR HOLDINGS PLC,
SAFESTAY PLC,
SAFESTORE HOLDINGS PLC,
SAFESTYLE UK PLC,
SAGA PLC,
SAGE GROUP PLC,
SAGICOR FINANCIAL CORPORATION LIMITED,
SAINSBURY (J) PLC,
SALT LAKE POTASH LIMITED,
SALVARX GROUP PLC,
SAMSUNG ELECTRONICS CO LTD (ATT),
SANDITON INVESTMENT TRUST PLC,
SAN LEON ENERGY PLC,
SANNE GROUP PLC,
SAREUM HOLDINGS PLC,
SAVANNAH PETROLEUM PLC,
SAVANNAH RESOURCES PLC,
SAVILLS PLC,
SBERBANK OF RUSSIA,
SCANCELL HOLDINGS PLC,
SCAPA GROUP PLC,
SCHLUMBERGER LD,
SCHOLIUM GROUP PLC,
SCHRODER ASIAN TOTAL RETURN INVESTMENT COMPANY PLC,
SCHRODER ASIAPACIFIC FUND PLC,
SCHRODER EUROPEAN REAL ESTATE INVESTMENT TRUST PLC,
SCHRODER INCOME GROWTH FUND PLC,
SCHRODER JAPAN GROWTH FUND PLC,
SCHRODER ORIENTAL INCOME FUND LIMITED,
SCHRODER REAL ESTATE INVESTMENT TRUST LIMITED,
SCHRODERS PLC,
SCHRODER UK MID CAP FUND PLC,
SCIENCE GROUP PLC,
SCIENCE IN SPORT PLC,
SCISYS GROUP PLC,
SCOTGEMS PLC,
SCOTGOLD RESOURCES LIMITED,
SCOTTISH AMERICAN INVESTMENT CO. PLC,
SCOTTISH INVESTMENT TRUST PLC,
SCOTTISH MORTGAGE INVESTMENT TRUST PLC,
SCOTTISH ORIENTAL SMALLER COMPANIES TRUST PLC,
SCS GROUP PLC,
SDCL ENERGY EFFICIENCY INCOME TRUST PLC,
SDI GROUP PLC,
SDL PLC,
SDV 2025 ZDP PLC,
SDX ENERGY PLC,
SEALAND CAPITAL GALAXY LIMITED,
SEC NEWGATE S.P.A.,
SECURE INCOME REIT PLC,
SECURE PROPERTY DEVELOPMENT & INVESTMENT PLC,
SECURE TRUST BANK PLC,
SECURITIES TRUST OF SCOTLAND PLC,
SEEING MACHINES LIMITED,
SEGRO PLC,
SENECA GLOBAL INCOME & GROWTH TRUST PLC,
SENECA GROWTH CAPITAL VCT PLC,
SENIOR PLC,
SENSYNE HEALTH PLC,
SEPLAT PETROLEUM DEVELOPMENT COMPANY PLC,
SEQUOIA ECONOMIC INFRASTRUCTURE INCOME FUND LIMITED,
SERABI GOLD PLC,
SERCO GROUP PLC,
SERICA ENERGY PLC,
SERINUS ENERGY PLC,
SEVERFIELD PLC,
SEVERN TRENT PLC,
SHAFTESBURY PLC,
SHANTA GOLD LIMITED,
SHARE PLC,
SHEARWATER GROUP PLC,
SHEFA GEMS LTD,
SHERBORNE INVESTORS (GUERNSEY) B LIMITED,
SHERBORNE INVESTORS (GUERNSEY) C LIMITED,
SHIELD THERAPEUTICS PLC,
SHIRES INCOME PLC,
SHOE ZONE PLC,
SIGMA CAPITAL GROUP PLC,
SIGMAROC PLC,
SIGNATURE AVIATION PLC,
SIG PLC,
SILENCE THERAPEUTICS PLC,
SIMEC ATLANTIS ENERGY LIMITED,
SIMIGON LTD.,
SIRIUS MINERALS PLC,
SIRIUS REAL ESTATE LD,
SISTEMA PJSFC,
SKINBIOTHERAPEUTICS PLC,
SK TELECOM CO LD,
SLINGSBY (H.C.) PLC,
SMART (J.) & CO. (CONTRACTORS) PLC,
SMART METERING SYSTEMS PLC,
SMARTSPACE SOFTWARE PLC,
SME CREDIT REALISATION FUND LIMITED,
SMITH (DS) PLC,
SMITH & NEPHEW PLC,
SMITHS GROUP PLC,
SMITHSON INVESTMENT TRUST PLC,
SMURFIT KAPPA GROUP PLC,
SOCIETATEA ENERGETICA ELECTRICA SA,
"SOCIETATEA NATIONALA DE GAZE NATURALE ""ROMGAZ"" S.A.",
SOFTCAT PLC,
SOLGOLD PLC,
SOLID STATE PLC,
SOLO OIL PLC,
SOMERO ENTERPRISE INC.,
SOPHEON PLC,
SOPHOS GROUP PLC,
SOSANDAR PLC,
SOUND ENERGY PLC,
SOUTH32 LIMITED,
SPACEANDPEOPLE PLC,
SPECTRA SYSTEMS CORPORATION,
SPECTRIS PLC,
SPEEDY HIRE PLC,
SPINNAKER OPPORTUNITIES PLC,
SPIRAX-SARCO ENGINEERING PLC,
SPIRE HEALTHCARE GROUP PLC,
SPIRENT COMMUNICATIONS PLC,
SPITFIRE OIL LIMITED,
SPORTECH PLC,
SPORTS DIRECT INTERNATIONAL PLC,
SPRINGFIELD PROPERTIES PLC,
SQN ASSET FINANCE INCOME FUND LIMITED,
SQN SECURED INCOME FUND PLC,
SRT MARINE SYSTEMS PLC,
SSE PLC,
SSP GROUP PLC,
STAFFLINE GROUP PLC,
STAGECOACH GROUP PLC,
STANDARD CHARTERED PLC,
STANDARD LIFE ABERDEEN PLC,
STANDARD LIFE INVESTMENTS PROPERTY INCOME TRUST LD,
STANDARD LIFE PRIVATE EQUITY TRUST PLC,
STANDARD LIFE UK SMALLER COMPANIES TRUST PLC,
STANLEY GIBBONS GROUP PLC,
STARCOM PLC,
STARCREST EDUCATION THE BELT & ROAD LIMITED,
STARVEST PLC,
STARWOOD EUROPEAN REAL ESTATE FINANCE LIMITED,
STATE BANK OF INDIA,
STEEL AUTHORITY OF INDIA LD,
STENPROP LIMITED,
STEPPE CEMENT LTD,
STERLING ENERGY PLC,
STHREE PLC,
STILFONTEIN GOLD MINING CO LD,
STIRLING INDUSTRIES PLC,
ST JAMES HOUSE PLC,
ST. JAMES'S PLACE PLC,
STM GROUP PLC,
ST.MODWEN PROPERTIES PLC,
STOBART GROUP LD,
STOCK SPIRITS GROUP PLC,
ST PETER PORT CAPITAL LIMITED,
STRANGER HOLDINGS PLC,
STRATEGIC EQUITY CAPITAL PLC,
STRATEGIC MINERALS PLC,
STRIX GROUP PLC,
STUDIO RETAIL GROUP PLC ,
STV GROUP PLC,
SUBEX LIMITED,
SUMMERWAY CAPITAL PLC,
SUMMIT PROPERTIES LIMITED,
SUMMIT THERAPEUTICS PLC,
SUMO GROUP PLC,
SUNPLUS TECHNOLOGY CO LD,
SUNRISE RESOURCES PLC,
SUPERDRY PLC,
SUPERMARKET INCOME REIT PLC,
S & U PLC,
SURESERVE GROUP PLC,
SURE VENTURES PLC,
SURFACE TRANSFORMS PLC,
SURGICAL INNOVATIONS GROUP PLC,
SURGUTNEFTEGAS PUBLIC JOINT STOCK COMPANY,
SUTTON HARBOUR GROUP PLC,
SVM UK EMERGING FUND PLC,
SYLVANIA PLATINUM LIMITED,
SYMPHONY ENVIRONMENTAL TECHNOLOGIES PLC,
SYMPHONY INTERNATIONAL HOLDINGS LD,
SYNAIRGEN PLC,
SYNCONA LIMITED,
SYNECTICS PLC,
SYNTHOMER PLC,
SYSGROUP PLC,
SYSTEM1 GROUP PLC,
TALKTALK TELECOM GROUP PLC,
TANDEM GROUP PLC,
TANFIELD GROUP PLC,
TARGET HEALTHCARE REIT PLC,
TASEKO MINES LIMITED,
TASTY PLC,
TATA GLOBAL BEVERAGES LD,
TATA POWER COMPANY LIMITED,
TATA STEEL LIMITED,
TATE & LYLE PLC,
TATTON ASSET MANAGEMENT PLC,
TATUNG CO. LTD,
TAVISTOCK INVESTMENTS PLC,
TAYLOR WIMPEY PLC,
TBC BANK GROUP PLC,
TCLARKE PLC,
TCS GROUP HOLDING PLC,
TEAM17 GROUP PLC,
TECHFINANCIALS INC,
TED BAKER PLC,
TEKCAPITAL PLC,
TEKMAR GROUP PLC,
TELECOM EGYPT S.A.E.,
TELECOM PLUS PLC,
TELIT COMMUNICATIONS PLC,
TEMPLE BAR INVESTMENT TRUST PLC,
TEMPLETON EMERGING MARKETS INVESTMENT TRUST PLC,
TEN ENTERTAINMENT GROUP PLC,
TEN LIFESTYLE GROUP PLC,
TERN PLC,
TERTIARY MINERALS PLC,
TESCO PLC,
TETRAGON FINANCIAL GROUP LIMITED,
TEX HOLDINGS PLC,
THALASSA HOLDINGS LIMITED,
THARISA PLC,
THE COMMERCIAL BANK OF QATAR (Q.S.C.),
THE EUROPEAN INVESTMENT TRUST PLC,
THE FULHAM SHORE PLC,
THE GYM GROUP PLC,
THE LOCAL SHOPPING REIT PLC,
THE MISSION GROUP PLC,
THE PANOPLY HOLDINGS PLC,
THE RENEWABLES INFRASTRUCTURE GROUP LIMITED,
THE SCHIEHALLION FUND LIMITED,
THE SIMPLYBIZ GROUP PLC,
THEWORKS.CO.UK PLC,
THINKSMART LIMITED,
THIRD POINT OFFSHORE INVESTORS LIMITED,
THOR MINING PLC,
THORPE (F.W.) PLC,
THRUVISION GROUP PLC,
TI FLUID SYSTEMS PLC,
TIGER RESOURCE PLC,
TIME OUT GROUP PLC,
TISSUE REGENIX GROUP PLC,
TITON HOLDINGS PLC,
TIZIANA LIFE SCIENCES PLC,
TLOU ENERGY LIMITED,
TMT INVESTMENTS PLC,
TOC PROPERTY BACKED LENDING TRUST PLC,
TOMCO ENERGY PLC,
TOOPLE PLC,
TOPPS TILES PLC,
TOTALLY PLC,
TOTAL PRODUCE PLC,
TOTAL S.A.,
TOUCHSTAR PLC,
TOUCHSTONE EXPLORATION INC,
TOWER RESOURCES PLC,
TOWN CENTRE SECURITIES PLC,
TOYOTA MOTOR CORPORATION,
TP GROUP PLC,
TP ICAP PLC,
TRACKWISE DESIGNS PLC,
TRACSIS PLC,
TRADER MEDIA EAST LD,
TRAFALGAR PROPERTY GROUP PLC,
TRAINLINE PLC,
TRAKM8 HOLDINGS PLC,
TRANSENSE TECHNOLOGIES PLC,
TRANSGLOBE ENERGY CORPORATION,
TRANS-SIBERIAN GOLD PLC,
TRAVIS PERKINS PLC,
TREATT PLC,
TREMOR INTERNATIONAL LTD,
TR EUROPEAN GROWTH TRUST PLC,
TRIAD GROUP PLC,
TRIAN INVESTORS 1 LIMITED,
TRIBAL GROUP PLC,
TRICORN GROUP PLC,
TRIDENT RESOURCES PLC,
TRIFAST PLC,
TRINITY EXPLORATION & PRODUCTION PLC,
TRIPLE POINT INCOME VCT PLC,
TRIPLE POINT SOCIAL HOUSING REIT PLC,
TRIPLE POINT VCT 2011 PLC,
TRI-STAR RESOURCES PLC,
TRISTEL PLC,
TRITAX BIG BOX REIT PLC,
TRITAX EUROBOX PLC,
TROY INCOME & GROWTH TRUST PLC,
TR PROPERTY INVESTMENT TRUST PLC,
TRUFIN PLC,
TT ELECTRONICS PLC,
TUFTON OCEANIC ASSETS LIMITED,
TUI AG,
TULLOW OIL PLC,
TUNGSTEN CORPORATION PLC,
TURKIYE IS BANKASI A.S.,
TWENTYFOUR INCOME FUND LIMITED,
TWENTYFOUR SELECT MONTHLY INCOME FUND LIMITED,
TWO SHIELDS INVESTMENTS PLC,
TYMAN PLC,
UAE OIL SERVICES PLC,
U AND I GROUP PLC,
UDG HEALTHCARE PUBLIC LIMITED COMPANY,
UIL FINANCE LIMITED,
UIL LIMITED,
UK COMMERCIAL PROPERTY REIT LIMITED,
UK MORTGAGES LIMITED,
UK OIL & GAS PLC,
UKRPRODUCT GROUP LIMITED,
ULS TECHNOLOGY PLC,
ULTIMATE SPORTS GROUP PLC,
ULTRA ELECTRONICS HOLDINGS PLC,
UNICORN AIM VCT PLC,
UNILEVER PLC,
UNION JACK OIL PLC,
UNIPHAR PLC,
UNISYS CORPORATION,
UNITED BANK LIMITED,
UNITED CARPETS GROUP PLC,
UNITED OIL & GAS PLC,
UNITED UTILITIES GROUP PLC,
UNITE GROUP PLC,
UNIVERSE GROUP PLC,
UNIVISION ENGINEERING LIMITED,
UP GLOBAL SOURCING HOLDINGS PLC,
UPLAND RESOURCES LIMITED,
URBAN&CIVIC PLC,
URBAN EXPOSURE PLC,
URBAN LOGISTICS REIT PLC,
URU METALS LIMITED,
US SOLAR FUND PLC,
UTILICO EMERGING MARKETS TRUST PLC,
"VAALCO ENERGY, INC.",
VALEURA ENERGY INC,
VALIRX PLC,
VALUE AND INCOME TRUST PLC,
VAN ELLE HOLDINGS PLC,
VAST RESOURCES PLC,
VECTURA GROUP PLC,
VELA TECHNOLOGIES PLC,
VELOCITY COMPOSITES PLC,
VELOCYS PLC,
VELTYCO GROUP PLC,
VENTURE LIFE GROUP PLC,
VENTUS 2 VCT PLC,
VENTUS VCT PLC,
VERDITEK PLC,
VERONA PHARMA PLC,
VERSARIEN PLC,
VERSEON CORPORATION,
VERTU CAPITAL LIMITED,
VERTU MOTORS PLC,
VESUVIUS PLC,
VIANET GROUP PLC,
VICTORIA OIL & GAS PLC,
VICTORIA PLC,
VICTREX PLC,
VIETNAM ENTERPRISE INVESTMENTS LIMITED,
VIETNAM HOLDING LIMITED,
VINACAPITAL VIETNAM OPPORTUNITY FUND LD,
VINTANA PLC,
VIRGIN MONEY UK PLC,
VITEC GROUP PLC (THE),
VIVO ENERGY PLC,
VODAFONE GROUP PLC,
VOLEX PLC,
VOLGA GAS PLC,
VOLTA FINANCE LIMITED,
VOLUTION GROUP PLC,
VOLVERE PLC,
VORDERE PLC,
VPC SPECIALTY LENDING INVESTMENTS PLC,
VP PLC,
VR EDUCATION HOLDINGS PLC,
WALCOM GROUP LIMITED,
WALKER CRIPS GROUP PLC,
WALKER GREENBANK PLC,
WALSIN LIHWA CORPORATION,
WAMEJA LIMITED,
WANDISCO PLC,
WAREHOUSE REIT PLC,
WARPAINT LONDON PLC,
WATCHES OF SWITZERLAND GROUP PLC,
WATCHSTONE GROUP PLC,
WATER INTELLIGENCE PLC,
WATKIN JONES PLC,
WEBIS HOLDINGS PLC,
WEIR GROUP PLC,
WEISS KOREA OPPORTUNITY FUND LTD.,
WENTWORTH RESOURCES PLC,
WESTMINSTER GROUP PLC,
WESTMOUNT ENERGY LIMITED,
WETHERSPOON ( J.D.) PLC,
WEY EDUCATION PLC,
W.H. IRELAND GROUP PLC,
WHITBREAD PLC,
WH SMITH PLC,
WILLIAM HILL PLC,
WILMCOTE HOLDINGS PLC,
WILMINGTON PLC,
WINCANTON PLC,
WINDAR PHOTONICS PLC,
"WISDOM MARINE LINES CO., LIMITED",
WISHBONE GOLD PLC,
WITAN INVESTMENT TRUST PLC,
WITAN PACIFIC INVESTMENT TRUST PLC,
WIZZ AIR HOLDINGS PLC,
WOODBOIS LIMITED,
WOODFORD PATIENT CAPITAL TRUST PLC,
WOOD GROUP (JOHN) PLC,
WORK SERVICE S.A.,
WORKSPACE GROUP PLC,
WORLDLINK GROUP PLC,
WORLDSEC LD,
WORLD TRADE SYSTEMS PLC,
WORLDWIDE HEALTHCARE TRUST PLC,
WORTHINGTON GROUP PLC,
WPP PLC,
W RESOURCES PLC,
WYNNSTAY GROUP PLC,
WYNNSTAY PROPERTIES PLC,
X5 RETAIL GROUP N.V,
XAAR PLC,
XEROS TECHNOLOGY GROUP PLC,
XLMEDIA PLC,
XPEDIATOR PLC,
XPLORER PLC,
XP POWER LIMITED,
XPS PENSIONS GROUP PLC,
XTRACT RESOURCES PLC,
YANGMING MARINE TRANSPORT CORPORATION,
YELLOW CAKE PLC,
YEW GROVE REIT PLC,
YOLO LEISURE AND TECHNOLOGY PLC,
YOUGOV PLC,
YOUNG & CO'S BREWERY PLC ,
YOURGENE HEALTH PLC,
YU GROUP PLC,
ZAIM CREDIT SYSTEMS PLC,
ZAMBEEF PRODUCTS PLC,
ZANAGA IRON ORE COMPANY LIMITED,
ZCCM INVESTMENTS HOLDINGS PLC,
ZEGONA COMMUNICATIONS PLC,
ZENITH BANK PLC ,
ZENITH ENERGY LTD.,
ZHEJIANG EXPRESSWAY CO,
ZIBAO METALS RECYCLING HOLDINGS PLC,
ZINC MEDIA GROUP PLC,
ZOETIC INTERNATIONAL PLC,
ZOLTAV RESOURCES INC,
ZOO DIGITAL GROUP PLC,
ZOTEFOAMS PLC,
ZYTRONIC PLC,
3M Company,Industrials
A.O. Smith Corp,Industrials
Abbott Laboratories,Health Care
AbbVie Inc.,Health Care
Accenture plc,Information Technology
Activision Blizzard,Information Technology
Acuity Brands Inc,Industrials
Adobe Systems Inc,Information Technology
Advance Auto Parts,Consumer Discretionary
Advanced Micro Devices Inc,Information Technology
AES Corp,Utilities
Aetna Inc,Health Care
Affiliated Managers Group Inc,Financials
AFLAC Inc,Financials
Agilent Technologies Inc,Health Care
Air Products & Chemicals Inc,Materials
Akamai Technologies Inc,Information Technology
Alaska Air Group Inc,Industrials
Albemarle Corp,Materials
Alexandria Real Estate Equities Inc,Real Estate
Alexion Pharmaceuticals,Health Care
Align Technology,Health Care
Allegion,Industrials
"Allergan, Plc",Health Care
Alliance Data Systems,Information Technology
Alliant Energy Corp,Utilities
Allstate Corp,Financials
Alphabet Inc Class A,Information Technology
Alphabet Inc Class C,Information Technology
Altria Group Inc,Consumer Staples
Amazon.com Inc.,Consumer Discretionary
Ameren Corp,Utilities
American Airlines Group,Industrials
American Electric Power,Utilities
American Express Co,Financials
"American International Group, Inc.",Financials
American Tower Corp A,Real Estate
American Water Works Company Inc,Utilities
Ameriprise Financial,Financials
AmerisourceBergen Corp,Health Care
AMETEK Inc.,Industrials
Amgen Inc.,Health Care
Amphenol Corp,Information Technology
Anadarko Petroleum Corp,Energy
"Analog Devices, Inc.",Information Technology
Andeavor,Energy
ANSYS,Information Technology
Anthem Inc.,Health Care
Aon plc,Financials
Apache Corporation,Energy
Apartment Investment & Management,Real Estate
Apple Inc.,Information Technology
Applied Materials Inc.,Information Technology
Aptiv Plc,Consumer Discretionary
Archer-Daniels-Midland Co,Consumer Staples
Arconic Inc.,Industrials
Arthur J. Gallagher & Co.,Financials
Assurant Inc.,Financials
AT&T Inc.,Telecommunication Services
Autodesk Inc.,Information Technology
Automatic Data Processing,Information Technology
AutoZone Inc,Consumer Discretionary
"AvalonBay Communities, Inc.",Real Estate
Avery Dennison Corp,Materials
"Baker Hughes, a GE Company",Energy
Ball Corp,Materials
Bank of America Corp,Financials
Baxter International Inc.,Health Care
BB&T Corporation,Financials
Becton Dickinson,Health Care
Berkshire Hathaway,Financials
Best Buy Co. Inc.,Consumer Discretionary
Biogen Inc.,Health Care
BlackRock,Financials
Block H&R,Financials
Boeing Company,Industrials
Booking Holdings Inc,Consumer Discretionary
BorgWarner,Consumer Discretionary
Boston Properties,Real Estate
Boston Scientific,Health Care
Brighthouse Financial Inc,Financials
Bristol-Myers Squibb,Health Care
Broadcom,Information Technology
Brown-Forman Corp.,Consumer Staples
C. H. Robinson Worldwide,Industrials
"CA, Inc.",Information Technology
Cabot Oil & Gas,Energy
Cadence Design Systems,Information Technology
Campbell Soup,Consumer Staples
Capital One Financial,Financials
Cardinal Health Inc.,Health Care
Carmax Inc,Consumer Discretionary
Carnival Corp.,Consumer Discretionary
Caterpillar Inc.,Industrials
Cboe Global Markets,Financials
CBRE Group,Real Estate
CBS Corp.,Consumer Discretionary
Celgene Corp.,Health Care
Centene Corporation,Health Care
CenterPoint Energy,Utilities
CenturyLink Inc,Telecommunication Services
Cerner,Health Care
CF Industries Holdings Inc,Materials
Charles Schwab Corporation,Financials
Charter Communications,Consumer Discretionary
Chevron Corp.,Energy
Chipotle Mexican Grill,Consumer Discretionary
Chubb Limited,Financials
Church & Dwight,Consumer Staples
CIGNA Corp.,Health Care
Cimarex Energy,Energy
Cincinnati Financial,Financials
Cintas Corporation,Industrials
Cisco Systems,Information Technology
Citigroup Inc.,Financials
Citizens Financial Group,Financials
Citrix Systems,Information Technology
CME Group Inc.,Financials
CMS Energy,Utilities
Coca-Cola Company (The),Consumer Staples
Cognizant Technology Solutions,Information Technology
Colgate-Palmolive,Consumer Staples
Comcast Corp.,Consumer Discretionary
Comerica Inc.,Financials
Conagra Brands,Consumer Staples
Concho Resources,Energy
ConocoPhillips,Energy
Consolidated Edison,Utilities
Constellation Brands,Consumer Staples
Corning Inc.,Information Technology
Costco Wholesale Corp.,Consumer Staples
"Coty, Inc",Consumer Staples
Crown Castle International Corp.,Real Estate
CSRA Inc.,Information Technology
CSX Corp.,Industrials
Cummins Inc.,Industrials
CVS Health,Consumer Staples
D. R. Horton,Consumer Discretionary
Danaher Corp.,Health Care
Darden Restaurants,Consumer Discretionary
DaVita Inc.,Health Care
Deere & Co.,Industrials
Delta Air Lines Inc.,Industrials
Dentsply Sirona,Health Care
Devon Energy Corp.,Energy
Digital Realty Trust Inc,Real Estate
Discover Financial Services,Financials
Discovery Inc. Class A,Consumer Discretionary
Discovery Inc. Class C,Consumer Discretionary
Dish Network,Consumer Discretionary
Dollar General,Consumer Discretionary
Dollar Tree,Consumer Discretionary
Dominion Energy,Utilities
Dover Corp.,Industrials
DowDuPont,Materials
Dr Pepper Snapple Group,Consumer Staples
DTE Energy Co.,Utilities
Duke Energy,Utilities
Duke Realty Corp,Real Estate
DXC Technology,Information Technology
E*Trade,Financials
Eastman Chemical,Materials
Eaton Corporation,Industrials
eBay Inc.,Information Technology
Ecolab Inc.,Materials
Edison Int'l,Utilities
Edwards Lifesciences,Health Care
Electronic Arts,Information Technology
Emerson Electric Company,Industrials
Entergy Corp.,Utilities
Envision Healthcare,Health Care
EOG Resources,Energy
EQT Corporation,Energy
Equifax Inc.,Industrials
Equinix,Real Estate
Equity Residential,Real Estate
"Essex Property Trust, Inc.",Real Estate
Estee Lauder Cos.,Consumer Staples
Everest Re Group Ltd.,Financials
Eversource Energy,Utilities
Exelon Corp.,Utilities
Expedia Inc.,Consumer Discretionary
Expeditors International,Industrials
Express Scripts,Health Care
Extra Space Storage,Real Estate
Exxon Mobil Corp.,Energy
F5 Networks,Information Technology
"Facebook, Inc.",Information Technology
Fastenal Co,Industrials
Federal Realty Investment Trust,Real Estate
FedEx Corporation,Industrials
Fidelity National Information Services,Information Technology
Fifth Third Bancorp,Financials
FirstEnergy Corp,Utilities
Fiserv Inc,Information Technology
FLIR Systems,Information Technology
Flowserve Corporation,Industrials
Fluor Corp.,Industrials
FMC Corporation,Materials
Foot Locker Inc,Consumer Discretionary
Ford Motor,Consumer Discretionary
Fortive Corp,Industrials
Fortune Brands Home & Security,Industrials
Franklin Resources,Financials
Freeport-McMoRan Inc.,Materials
Gap Inc.,Consumer Discretionary
Garmin Ltd.,Consumer Discretionary
Gartner Inc,Information Technology
General Dynamics,Industrials
General Electric,Industrials
General Growth Properties Inc.,Real Estate
General Mills,Consumer Staples
General Motors,Consumer Discretionary
Genuine Parts,Consumer Discretionary
Gilead Sciences,Health Care
Global Payments Inc.,Information Technology
Goldman Sachs Group,Financials
Goodyear Tire & Rubber,Consumer Discretionary
Grainger (W.W.) Inc.,Industrials
Halliburton Co.,Energy
Hanesbrands Inc,Consumer Discretionary
Harley-Davidson,Consumer Discretionary
Harris Corporation,Information Technology
Hartford Financial Svc.Gp.,Financials
Hasbro Inc.,Consumer Discretionary
HCA Holdings,Health Care
HCP Inc.,Real Estate
Helmerich & Payne,Energy
Henry Schein,Health Care
Hess Corporation,Energy
Hewlett Packard Enterprise,Information Technology
Hilton Worldwide Holdings Inc,Consumer Discretionary
Hologic,Health Care
Home Depot,Consumer Discretionary
Honeywell Int'l Inc.,Industrials
Hormel Foods Corp.,Consumer Staples
Host Hotels & Resorts,Real Estate
HP Inc.,Information Technology
Humana Inc.,Health Care
Huntington Bancshares,Financials
Huntington Ingalls Industries,Industrials
IDEXX Laboratories,Health Care
IHS Markit Ltd.,Industrials
Illinois Tool Works,Industrials
Illumina Inc,Health Care
Incyte,Health Care
Ingersoll-Rand PLC,Industrials
Intel Corp.,Information Technology
Intercontinental Exchange,Financials
International Business Machines,Information Technology
International Paper,Materials
Interpublic Group,Consumer Discretionary
Intl Flavors & Fragrances,Materials
Intuit Inc.,Information Technology
Intuitive Surgical Inc.,Health Care
Invesco Ltd.,Financials
IPG Photonics Corp.,Information Technology
IQVIA Holdings Inc.,Health Care
Iron Mountain Incorporated,Real Estate
J. B. Hunt Transport Services,Industrials
Jacobs Engineering Group,Industrials
JM Smucker,Consumer Staples
Johnson & Johnson,Health Care
Johnson Controls International,Industrials
JPMorgan Chase & Co.,Financials
Juniper Networks,Information Technology
Kansas City Southern,Industrials
Kellogg Co.,Consumer Staples
KeyCorp,Financials
Kimberly-Clark,Consumer Staples
Kimco Realty,Real Estate
Kinder Morgan,Energy
KLA-Tencor Corp.,Information Technology
Kohl's Corp.,Consumer Discretionary
Kraft Heinz Co,Consumer Staples
Kroger Co.,Consumer Staples
L Brands Inc.,Consumer Discretionary
L-3 Communications Holdings,Industrials
Laboratory Corp. of America Holding,Health Care
Lam Research,Information Technology
Leggett & Platt,Consumer Discretionary
Lennar Corp.,Consumer Discretionary
Leucadia National Corp.,Financials
Lilly (Eli) & Co.,Health Care
Lincoln National,Financials
LKQ Corporation,Consumer Discretionary
Lockheed Martin Corp.,Industrials
Loews Corp.,Financials
Lowe's Cos.,Consumer Discretionary
LyondellBasell,Materials
M&T Bank Corp.,Financials
Macerich,Real Estate
Macy's Inc.,Consumer Discretionary
Marathon Oil Corp.,Energy
Marathon Petroleum,Energy
Marriott Int'l.,Consumer Discretionary
Marsh & McLennan,Financials
Martin Marietta Materials,Materials
Masco Corp.,Industrials
Mastercard Inc.,Information Technology
Mattel Inc.,Consumer Discretionary
McCormick & Co.,Consumer Staples
McDonald's Corp.,Consumer Discretionary
McKesson Corp.,Health Care
Medtronic plc,Health Care
Merck & Co.,Health Care
MetLife Inc.,Financials
Mettler Toledo,Health Care
MGM Resorts International,Consumer Discretionary
Michael Kors Holdings,Consumer Discretionary
Microchip Technology,Information Technology
Micron Technology,Information Technology
Microsoft Corp.,Information Technology
Mid-America Apartments,Real Estate
Mohawk Industries,Consumer Discretionary
Molson Coors Brewing Company,Consumer Staples
Mondelez International,Consumer Staples
Monsanto Co.,Materials
Monster Beverage,Consumer Staples
Moody's Corp,Financials
Morgan Stanley,Financials
Motorola Solutions Inc.,Information Technology
Mylan N.V.,Health Care
"Nasdaq, Inc.",Financials
National Oilwell Varco Inc.,Energy
Navient,Financials
Nektar Therapeutics,Health Care
NetApp,Information Technology
Netflix Inc.,Information Technology
Newell Brands,Consumer Discretionary
Newfield Exploration Co,Energy
Newmont Mining Corporation,Materials
News Corp. Class A,Consumer Discretionary
News Corp. Class B,Consumer Discretionary
NextEra Energy,Utilities
Nielsen Holdings,Industrials
Nike,Consumer Discretionary
NiSource Inc.,Utilities
Noble Energy Inc,Energy
Nordstrom,Consumer Discretionary
Norfolk Southern Corp.,Industrials
Northern Trust Corp.,Financials
Northrop Grumman Corp.,Industrials
Norwegian Cruise Line,Consumer Discretionary
NRG Energy,Utilities
Nucor Corp.,Materials
Nvidia Corporation,Information Technology
O'Reilly Automotive,Consumer Discretionary
Occidental Petroleum,Energy
Omnicom Group,Consumer Discretionary
ONEOK,Energy
Oracle Corp.,Information Technology
PACCAR Inc.,Industrials
Packaging Corporation of America,Materials
Parker-Hannifin,Industrials
Paychex Inc.,Information Technology
PayPal,Information Technology
Pentair Ltd.,Industrials
People's United Financial,Financials
PepsiCo Inc.,Consumer Staples
PerkinElmer,Health Care
Perrigo,Health Care
Pfizer Inc.,Health Care
PG&E Corp.,Utilities
Philip Morris International,Consumer Staples
Phillips 66,Energy
Pinnacle West Capital,Utilities
Pioneer Natural Resources,Energy
PNC Financial Services,Financials
Polo Ralph Lauren Corp.,Consumer Discretionary
PPG Industries,Materials
PPL Corp.,Utilities
Praxair Inc.,Materials
Principal Financial Group,Financials
Procter & Gamble,Consumer Staples
Progressive Corp.,Financials
Prologis,Real Estate
Prudential Financial,Financials
Public Serv. Enterprise Inc.,Utilities
Public Storage,Real Estate
Pulte Homes Inc.,Consumer Discretionary
PVH Corp.,Consumer Discretionary
Qorvo,Information Technology
QUALCOMM Inc.,Information Technology
Quanta Services Inc.,Industrials
Quest Diagnostics,Health Care
Range Resources Corp.,Energy
Raymond James Financial Inc.,Financials
Raytheon Co.,Industrials
Realty Income Corporation,Real Estate
Red Hat Inc.,Information Technology
Regency Centers Corporation,Real Estate
Regeneron,Health Care
Regions Financial Corp.,Financials
Republic Services Inc,Industrials
ResMed,Health Care
Robert Half International,Industrials
Rockwell Automation Inc.,Industrials
Rockwell Collins,Industrials
Roper Technologies,Industrials
Ross Stores,Consumer Discretionary
Royal Caribbean Cruises Ltd,Consumer Discretionary
"S&P Global, Inc.",Financials
Salesforce.com,Information Technology
SBA Communications,Real Estate
SCANA Corp,Utilities
Schlumberger Ltd.,Energy
Seagate Technology,Information Technology
Sealed Air,Materials
Sempra Energy,Utilities
Sherwin-Williams,Materials
Simon Property Group Inc,Real Estate
Skyworks Solutions,Information Technology
SL Green Realty,Real Estate
Snap-On Inc.,Consumer Discretionary
Southern Co.,Utilities
Southwest Airlines,Industrials
Stanley Black & Decker,Consumer Discretionary
Starbucks Corp.,Consumer Discretionary
State Street Corp.,Financials
Stericycle Inc,Industrials
Stryker Corp.,Health Care
SunTrust Banks,Financials
SVB Financial,Financials
Symantec Corp.,Information Technology
Synchrony Financial,Financials
Synopsys Inc.,Information Technology
Sysco Corp.,Consumer Staples
T. Rowe Price Group,Financials
Take-Two Interactive,Information Technology
"Tapestry, Inc.",Consumer Discretionary
Target Corp.,Consumer Discretionary
TE Connectivity Ltd.,Information Technology
TechnipFMC,Energy
Texas Instruments,Information Technology
Textron Inc.,Industrials
The Bank of New York Mellon Corp.,Financials
The Clorox Company,Consumer Staples
The Cooper Companies,Health Care
The Hershey Company,Consumer Staples
The Mosaic Company,Materials
The Travelers Companies Inc.,Financials
The Walt Disney Company,Consumer Discretionary
Thermo Fisher Scientific,Health Care
Tiffany & Co.,Consumer Discretionary
Time Warner Inc.,Consumer Discretionary
TJX Companies Inc.,Consumer Discretionary
Torchmark Corp.,Financials
Total System Services,Information Technology
Tractor Supply Company,Consumer Discretionary
TransDigm Group,Industrials
TripAdvisor,Consumer Discretionary
Twenty-First Century Fox Class A,Consumer Discretionary
Twenty-First Century Fox Class B,Consumer Discretionary
Tyson Foods,Consumer Staples
U.S. Bancorp,Financials
UDR Inc,Real Estate
Ulta Beauty,Consumer Discretionary
Under Armour Class A,Consumer Discretionary
Under Armour Class C,Consumer Discretionary
Union Pacific,Industrials
United Continental Holdings,Industrials
United Health Group Inc.,Health Care
United Parcel Service,Industrials
"United Rentals, Inc.",Industrials
United Technologies,Industrials
"Universal Health Services, Inc.",Health Care
Unum Group,Financials
V.F. Corp.,Consumer Discretionary
Valero Energy,Energy
Varian Medical Systems,Health Care
Ventas Inc,Real Estate
Verisign Inc.,Information Technology
Verisk Analytics,Industrials
Verizon Communications,Telecommunication Services
Vertex Pharmaceuticals Inc,Health Care
Viacom Inc.,Consumer Discretionary
Visa Inc.,Information Technology
Vornado Realty Trust,Real Estate
Vulcan Materials,Materials
Wal-Mart Stores,Consumer Staples
Walgreens Boots Alliance,Consumer Staples
Waste Management Inc.,Industrials
Waters Corporation,Health Care
Wec Energy Group Inc,Utilities
Wells Fargo,Financials
Welltower Inc.,Real Estate
Western Digital,Information Technology
Western Union Co,Information Technology
WestRock Company,Materials
Weyerhaeuser Corp.,Real Estate
Whirlpool Corp.,Consumer Discretionary
Williams Cos.,Energy
Willis Towers Watson,Financials
Wyndham Worldwide,Consumer Discretionary
Wynn Resorts Ltd,Consumer Discretionary
Xcel Energy Inc,Utilities
Xerox Corp.,Information Technology
Xilinx Inc,Information Technology
XL Capital,Financials
Xylem Inc.,Industrials
Yum! Brands Inc,Consumer Discretionary
Zimmer Biomet Holdings,Health Care
Zions Bancorp,Financials
Zoetis,Health Care
