first_name,last_name,sex
David,Savage,Male
Paul,Winter,Male
Christopher,Metcalfe,Male
Thomas,Harper,Male
John,Burgess,Male
Mark,Bailey,Male
James,Potts,Male
Stephen,Boyle,Male
Andrew,Brown,Male
Jack,Jennings,Male
Michael,Payne,Male
Daniel,Day,Male
Peter,Holland,Male
Richard,Higgins,Male
Matthew,Rhodes,Male
Robert,Hancock,Male
Ryan,Howells,Male
Joshua,Fowler,Male
Alan,Sims,Male
Ian,Thomas,Male
Simon,Parker,Male
Luke,Bentley,Male
Samuel,Barnett,Male
Jordan,Manning,Male
Anthony,Collier,Male
Adam,Holloway,Male
Lee,Hartley,Male
Alexander,George,Male
William,Tomlinson,Male
Kevin,Howard,Male
Darren,Long,Male
Benjamin,Farmer,Male
Philip,Collins,Male
Gary,Rice,Male
Joseph,Townsend,Male
Brian,Rees,Male
Steven,Bruce,Male
Liam,Hammond,Male
Keith,Ford,Male
Martin,Tucker,Male
Jason,Wallis,Male
Jonathan,Hamilton,Male
Jake,Ferguson,Male
Graham,Hooper,Male
Nicholas,Francis,Male
Craig,Reeves,Male
George,Barlow,Male
Colin,Short,Male
Neil,Cunningham,Male
Lewis,Hopkins,Male
Nigel,Nicholson,Male
Oliver,Archer,Male
Timothy,Green,Male
Stuart,Glover,Male
Kenneth,Gibson,Male
Raymond,Spencer,Male
Jamie,Warner,Male
Nathan,Webb,Male
Geoffrey,Whitehouse,Male
Connor,Dean,Male
Terence,Griffiths,Male
Trevor,Clark,Male
Adrian,Hardy,Male
Harry,Iqbal,Male
Malcolm,Baldwin,Male
Scott,ONeill,Male
Callum,Blake,Male
Wayne,Lees,Male
Aaron,Harvey,Male
Barry,Clarke,Male
Ashley,Daniels,Male
Bradley,Browne,Male
Patrick,Macdonald,Male
Gareth,Kirk,Male
Jacob,Khan,Male
Sean,Davidson,Male
Kieran,Dale,Male
Derek,Sanders,Male
Carl,Wilkins,Male
Dean,Connor,Male
Charles,Daly,Male
Sam,Lane,Male
Shaun,Kennedy,Male
Ben,Bray,Male
Roger,Burrows,Male
Mohammed,Hayes,Male
Leslie,Wyatt,Male
Ronald,Gould,Male
Kyle,Dyer,Male
Clive,Nash,Male
Edward,Bryan,Male
Antony,Pope,Male
Jeremy,Fraser,Male
Justin,Steele,Male
Jeffrey,Walsh,Male
Christian,Wade,Male
Roy,Marsden,Male
Karl,Humphries,Male
Alex,OBrien,Male
Gordon,Thompson,Male
Dominic,Lord,Male
Joe,Coleman,Male
Marc,Jarvis,Male
Reece,Noble,Male
Dennis,Williamson,Male
Russell,Carpenter,Male
Gavin,Gardner,Male
Rhys,Farrell,Male
Phillip,Clayton,Male
Allan,Akhtar,Male
Robin,Gallagher,Male
Charlie,Skinner,Male
Gerald,Birch,Male
Ross,Kay,Male
Francis,Barrett,Male
Eric,Bates,Male
Julian,Lucas,Male
Bernard,OConnor,Male
Dale,Chamberlain,Male
Donald,Chapman,Male
Damian,Ryan,Male
Frank,Thorpe,Male
Shane,Lawson,Male
Cameron,Howell,Male
Norman,Martin,Male
Duncan,Kelly,Male
Louis,Dobson,Male
Frederick,Stevens,Male
Tony,Brennan,Male
Howard,Lloyd,Male
Conor,Quinn,Male
Douglas,Morton,Male
Garry,Wilson,Male
Elliot,Barnes,Male
Marcus,Henry,Male
Arthur,Smith,Male
Vincent,Pritchard,Male
Max,Phillips,Male
Mathew,Dixon,Male
Abdul,Sharpe,Male
Henry,Robertson,Male
Martyn,White,Male
Ricky,Bird,Male
Leonard,Abbott,Male
Lawrence,Kirby,Male
Glen,Hussain,Male
Mitchell,Barber,Male
Gerard,Harris,Male
Gregory,Doyle,Male
Iain,Jordan,Male
Billy,Burns,Male
Bryan,Hodgson,Male
Joel,Atkins,Male
Clifford,Stokes,Male
Josh,Rogers,Male
Leon,Parkes,Male
Stewart,Brookes,Male
Mohammad,Herbert,Male
Dylan,Gordon,Male
Graeme,Kemp,Male
Terry,Webster,Male
Guy,Sinclair,Male
Elliott,McLean,Male
Stanley,Saunders,Male
Danny,Stephens,Male
Brandon,Newton,Male
Victor,Potter,Male
Toby,Storey,Male
Hugh,Stanley,Male
Mohamed,Turnbull,Male
Brett,Duncan,Male
Albert,Rose,Male
Tom,Mills,Male
Declan,Sheppard,Male
Maurice,Butcher,Male
Glenn,Fry,Male
Leigh,Ross,Male
Denis,Shepherd,Male
Damien,Goodwin,Male
Bruce,Holt,Male
Jay,Haynes,Male
Owen,Cook,Male
Savage,Ward,Female
Winter, Godfrey,Female
Metcalfe, Stone,Female
Harper, Dodd,Female
Burgess, Parsons,Female
Bailey, Ingram,Female
Potts, Nixon,Female
Boyle, Evans,Female
Brown, Hargreaves,Female
Jennings, Owen,Female
Payne, Chan,Female
Day, Connolly,Female
Holland, Charlton,Female
Higgins, Middleton,Female
Rhodes, Hyde,Female
Hancock, Patel,Female
Howells, Owens,Female
Fowler, Lamb,Female
Sims, Palmer,Female
Thomas, Cooper,Female
Parker, McCarthy,Female
Bentley, Black,Female
Barnett, Dickinson,Female
Manning, Gilbert,Female
Collier, Leach,Female
Holloway, North,Female
Hartley, Byrne,Female
George, Frost,Female
Tomlinson, Simmons,Female
Howard, Matthews,Female
Long, Alexander,Female
Farmer, Ahmed,Female
Collins, Gibbons,Female
Rice, Stevenson,Female
Townsend, Rowley,Female
Rees, Miles,Female
Bruce, Hanson,Female
Hammond, Bolton,Female
Ford, Craig,Female
Tucker, Ali,Female
Wallis, Carroll,Female
Hamilton, Allan,Female
Ferguson, Sanderson,Female
Hooper, Fletcher,Female
Francis, Burton,Female
Reeves, Oliver,Female
Barlow, Davison,Female
Short, Douglas,Female
Cunningham, Field,Female
Hopkins, Pickering,Female
Nicholson, Pugh,Female
Archer, Rowe,Female
Green, Mahmood,Female
Glover, Sykes,Female
Gibson, Crawford,Female
Spencer, Williams,Female
Warner, Parkin,Female
Webb, Patterson,Female
Whitehouse, Power,Female
Dean, Price,Female
Griffiths, Murphy,Female
Clark, Hale,Female
Hardy, Nicholls,Female
Iqbal, Hall,Female
Baldwin, Jones,Female
ONeill, Hughes,Female
Blake, Stephenson,Female
Lees, Morley,Female
Harvey, Knight,Female
Clarke, Kerr,Female
Daniels, Heath,Female
Browne, Pollard,Female
Macdonald, Lowe,Female
Kirk,OSullivan,Female
Khan, Buckley,Female
Davidson, Bond,Female
Dale, Dennis,Female
Sanders, Lewis,Female
Wilkins, Weston,Female
Connor, Joyce,Female
Daly, Reynolds,Female
Lane, Bishop,Female
Kennedy, Norris,Female
Bray, Barry,Female
Burrows, Whittaker,Female
Hayes, Carey,Female
Wyatt, Hill,Female
Gould, Kent,Female
Dyer, Ashton,Female
Nash, Wilkinson,Female
Bryan, Powell,Female
Pope, Henderson,Female
Fraser, Freeman,Female
Steele, Dunn,Female
Walsh, Kaur,Female
Wade, French,Female
Marsden, Parry,Female
Humphries, Walton,Female
OBrien, Fisher,Female
Thompson, Naylor,Female
Lord, Duffy,Female
Coleman, Humphreys,Female
Jarvis, Randall,Female
Noble, Bevan,Female
Williamson, Doherty,Female
Carpenter, Moore,Female
Gardner, Armstrong,Female
Farrell, Sullivan,Female
Clayton, Swift,Female
Akhtar, Pearce,Female
Gallagher, Tyler,Female
Skinner, Bradshaw,Female
Birch, Allen,Female
Kay, Mellor,Female
Barrett, Whitehead,Female
Bates, Jackson,Female
Lucas, Grant,Female
OConnor, Fox,Female
Chamberlain, Wright,Female
Chapman, Anderson,Female
Ryan, Foster,Female
Thorpe, Gibbs,Female
Lawson, Butler,Female
Howell, Jenkins,Female
Martin, John,Female
Kelly, Morrison,Female
Dobson, Talbot,Female
Stevens, Blackburn,Female
Brennan, Osborne,Female
Lloyd, Flynn,Female
Quinn, Richards,Female
Morton, Hurst,Female
Wilson, Bibi,Female
Barnes, Houghton,Female
Henry, Johnson,Female
Smith, Yates,Female
Pritchard, Mistry,Female
Phillips, Donnelly,Female
Dixon, Parkinson,Female
Sharpe, Thomson,Female
Robertson, Woods,Female
White, Todd,Female
Bird, Dawson,Female
Abbott, Hart,Female
Kirby, Graham,Female
Hussain, Berry,Female
Barber, Willis,Female
Harris, Miah,Female
Doyle, Brooks,Female
Jordan, Horton,Female
Burns, Riley,Female
Hodgson, Lambert,Female
Atkins, Waters,Female
Stokes, Lynch,Female
Rogers, Moss,Female
Parkes, Slater,Female
Brookes, Knowles,Female
Herbert, Benson,Female
Gordon, Adams,Female
Kemp, King,Female
Webster, Davies,Female
Sinclair, Richardson,Female
McLean, Vincent,Female
Saunders, Holmes,Female
Stephens, Conway,Female
Newton, Marshall,Female
Potter, Faulkner,Female
Storey, Garner,Female
Stanley, Booth,Female
Turnbull, Harrison,Female
Duncan, Campbell,Female
Rose, Cole,Female
Mills, Goddard,Female
Sheppard, Walters,Female
Butcher, Ellis,Female
Fry, Edwards,Female
Ross, Peters,Female
Shepherd, Atkinson,Female
Goodwin, Wood,Female
Holt, Briggs,Female
Haynes, Elliott,Female
Cook, Chandler,Female