first_name,last_name,gender,t_first_name,t_last_name
فاطمه,محمدی,Female,Fatemeh,Mohammadi
اسما,محمدپور,Female,Aismaan,Mohammad Pur
زهرا,اکبرپور,Female,Zahra,Akbarpour
عسل,رضازاده,Female,Honey,Rezazadeh
نازنینزهرا,مجتهدی,Female,Naznynzahra,Mojtahedi
النا,دایی,Female,Elena,Uncle
زینب,حمیدی,Female,Zainab,Hamidi
سارا,کابلی,Female,Sarah,Cable
یسنا,عبدالعلی,Female,Yasna,Abdulali
آتنا,احمدی,Female,Athena,Ahmadi
ریحانه,اشرفی,Female,Reyhaneh,Ashrafi
آیناز,علیجانی,Female,Aynaz,Alyajani
هستی,ابوطالبی,Female,Hasti,Aboutalebi
محیا,علیشاهی,Female,Mahya,Alishahi
ستایش,الوندی,Female,Praise,Alvandi
باران,بهمنی,Female,Rain,Avalanche
ثنا,بهرامی,Female,Sana,Bahrami
هلیا,هنری,Female,Helia,Henry
مریم,ایروانی,Female,Maryam,Irvani
یلدا,حریریان,Female,Yalda,Haririan
فاطمهزهرا,جعفرپور,Female,Fatemehra,Jafarpour
ملیكا,جلالی,Female,Melika,Jalali
سارینا,جلیلی,Female,Sarina,Jalili
نازنین,روحانی,Female,Nazanin,Rohani
مهسا,خسروجردی,Female,Mahsa,Khosrojerdi
آیلین,منصوری,Female,Eileen,Mansouri
نرگس,مهدیان,Female,Narges,Mehdian
حنانه,نوروزی,Female,Hananeh,Nowruz
رقیه,نوری,Female,Roghayeh,Nouri
كیانا,رسته,Female,Kiana,category
كوثر,سماوات,Female,Kousar,Samawat
هانیه,سمسار,Female,Haniyeh,Samsar
مبینا,شادروان,Female,Mobina,Shadruvan
مهدیس,شاکری,Female,Mahdis,Shakeri
رها,سلطانی,Female,Raha,Sultani
آوا,شبیری,Female,Ava,Shabbiri
اسرا,تحسینی,Female,Esra,Admirable
یگانه,تنزیلی,Female,Single,Discount
نیایش,طلوعی,Female,Prayer,Dawn
حدیث,ولاشجردی,Female,Hadith,Walashajardy
الینا,وثاق,Female,Elena,Trust
سوگند,ظفری,Female,Oath,Zafari
مائده,زمانی,Female,Maeda,Zamani
پریا,زارع,Female,Fairies,Farmer
معصومه,زارعی,Female,Masoumeh,Zarei
مهدیه,ربانی,Female,Mahdieh,Rabbani
آیدا,شمشیری,Female,Aida,Sword
الناز,صارمی,Female,Alnaaz,Saremi
محدثه,صیادی,Female,Mohaddese,Sayyadi
یاسمین,سرخوشیان,Female,Yasmin,Sarkhoshian
فاطمه,رستمی,Female,Fatemeh,Rostami
ستايش,رسولی,Female,Praise,Messenger
زهرا,رفیعی,Female,Zahra,Rafiee
مائده,کریمی,Female,Maeda,Karimi
نازنين,کرمانی,Female,Nazanin,Kermani
مبينا,سعیدی,Female,Mobina,Saeedi
يسنا,عباسی,Female,Yasna,Abbasi
عسل,پویان,Female,Honey,Pouyan
زينب,ترکاشوند,Female,Zainab,leave
آيناز,زنجانی,Female,Ainaz,Zanjani
ريحانه,تهرانی,Female,Reyhaneh,Tehrani
هليا,جنتی,Female,Helia,Jannati
فاطمه,صنایعی,Female,Fatemeh,Industrial
سوگند,جهانی,Female,Oath,Universal
باران,اشتری,Female,Rain,Ashtari
سارا,چنگیزی,Female,Sarah,Changizi
رها,دادفر,Female,Raha,Dadfar
محدثه,سغیری,Female,Mohaddese,Sagyari
ثنا,پارسا,Female,Sana,Parsa
الينا,ضابطی,Female,Elena,Officer
کوثر,میردامادی,Female,Kowsar,Mirdamadi
آتنا,عقیلی,Female,Athena,Wise
مريم,نامور,Female,Mary,Namour
فاطمياسارينا,حسنی,Female,Fatamyasaryana,Hasni
ياسمين,لاهوتی,Female,Jasmine,Lahouti
اسرا,محجوب,Female,Esra,unobtrusive
حسنا,هاشمی,Female,Hasna,Hashemi
رقيه,معروف,Female,Roqia,famous
اسما,معین,Female,Asma,Moin
هستي,هوشیار,Female,You are,sober
مهديس,هومن,Female,Mahdis,Hooman
محيا,هدایت,Female,Mehya,Guidance
هانيه,قاضی,Female,Haniyeh,Judge
آيلين,ملکیان,Female,Eileen,Malekian
حنانه,ضرغامی,Female,Hananeh,Zarghami
مهسا,یزدی,Female,Mahsa,Yazdi
پرنيا,نوبختی,Female,Parnya,Naubakht
نرگس,مجتبوی,Female,Nargis,Mojtaba
آيدا,نیلوفری,Female,Aida,Lotus
معصومه,لاچینی,Female,Masoumeh,Lachini
کيانا,علیپور,Female,Kiana,Alipour
حلما,عبدالمالکی,Female,Helma,Abdul Maliki
مليکا,فرجی,Female,Melika,Faraji
آوا,موسوی,Female,Ava,Mousavi
نازنين,همدانی,Female,Nazanin,Hamedani
النا,موحد,Female,Elena,Unity
الناز,کمالی,Female,Elnaz,Kamali
نيايش,گلپایگانی,Female,Nayesh,Golpayegani
بهار,نعمتی,Female,Spring,Nemati
امیرعلی,عزیزی,Male,Amir Ali,Azizi
پرهام,رودگر,Male,Parham,Rudgar
ابوالفضل,محمدی,Male,Abolfazl,Mohammadi
كیان,محمدپور,Male,Kian,Mohammadpour
امیرحسین,اکبرپور,Male,Amir Hossein,Akbarpour
متین,رضازاده,Male,Matin,Rezazadeh
محمدطاها,مجتهدی,Male,Mohammad Taha,Mujtahid
عرفان,دایی,Male,Erfan,uncle
محمد,حمیدی,Male,Mohammad,Hamidi
دانیال,کابلی,Male,Daniel,Cable
علی,عبدالعلی,Male,Ali,Abdul Ali
آرمین,احمدی,Male,Armin,Ahmadi
امیرمحمد,اشرفی,Male,Amir Mohammad,Ashrafi
آرتین,علیجانی,Male,Artin,Alijani
حسین,ابوطالبی,Male,Hussein,Aboutalebi
سبحان,علیشاهی,Male,Sobhan,Alishahi
مهدی,الوندی,Male,Mehdi,Alvandi
سینا,بهمنی,Male,Sina,Avalanche
محمدمهدی,بهرامی,Male,Mohammad Mehdi,Bahrami
آریا,هنری,Male,Aria,Art
محمدرضا,ایروانی,Male,Mohammad Reza,Irvani
محمدپارسا,حریریان,Male,Mohammad Parsa,Haririan
طاها,جعفرپور,Male,Taha,Jafarpour
سجاد,جلالی,Male,Sajjad,Jalali
امیررضا,جلیلی,Male,Amir Reza,Jalili
آرش,روحانی,Male,Arash,Rouhani
امیرعباس,خسروجردی,Male,Amir Abbas,Khosrow Jerdi
نیما,منصوری,Male,Nima,Mansouri
علیرضا,مهدیان,Male,Alireza,Mahdian
عرشیا,نوروزی,Male,Arshia,Nowruz
محمدامین,نوری,Male,Mohammad Amin,Nouri
مبین,رسته,Male,Mobin,category
محمدحسین,سماوات,Male,Mohamed Husain,Samawat
یوسف,سمسار,Male,Joseph,Samsar
رضا,شادروان,Male,Reza,Shadruvan
احسان,شاکری,Male,Ehsan,Shakeri
علیاصغر,سلطانی,Male,Ali Asghar,Soltani
آرین,شبیری,Male,Arian,Shabbiri
امیرمهدی,تحسینی,Male,Amir Mehdi,Tahsini
محمدیاسین,تنزیلی,Male,Mohammad Yasin,Tanzili
ماهان,طلوعی,Male,Mahan,Toloui
عباس,ولاشجردی,Male,Abbas,Valashjerdi
پارسا,وثاق,Male,Parsa,Trust
حسام,ظفری,Male,Hesam,Zafari
یاسین,زمانی,Male,Yasin,Zamani
علیرضا,زارع,Male,Alireza,Farmer
ایلیا,زارعی,Male,Ilia,Zarei
علیاكبر,ربانی,Male,Alia Akbar,Rabbani
محمدجواد,شمشیری,Male,Mohammad Javad,Shamshiri
بنیامین,صارمی,Male,Benjamin,Saremi
اميرعلي,صیادی,Male,Amir Ali,Fishing
ايليا,سرخوشیان,Male,Elijah,Happy
محمد,رستمی,Male,Mohammad,Rostami
محمدپارسا,رسولی,Male,Mohammad Parsa,Rasooli
محمد,رفیعی,Male,Mohammad,Rafi'i
پرهام,کریمی,Male,Parham,Karimi
ابوالفضل,کرمانی,Male,Abolfazl,Kermani
سبحان,سعیدی,Male,Sobhan,Saeedi
اميرحسين,عباسی,Male,Amir Hussein,Abbasi
آرتين,پویان,Male,Artin,Pouyan
علي,ترکاشوند,Male,Ali,leave
آرمين,زنجانی,Male,Armin,Zanjani
حسين,تهرانی,Male,Hossein,Tehrani
عرفان,جنتی,Male,Erfan,Jannati
اميرمحمد,صنایعی,Male,Amir Mohammad,Industrial
آريا,جهانی,Male,Aria,Global
اميرعباس,اشتری,Male,Amir Abbas,Ashtari
محمدياسين,چنگیزی,Male,Mohammad Yasin,Changizi
محمدمهدي,دادفر,Male,Mohammad Mehdi,Dadfar
متين,سغیری,Male,Matin,Saghiri
محمدرضا,پارسا,Male,Mohammad Reza,Parsa
دانيال,ضابطی,Male,Daniel,Officer
مهدي,میردامادی,Male,Mehdi,Mirdamadi
ساميار,عقیلی,Male,Samyar,Aghili
محمدحسين,نامور,Male,Mohamed Hussain,Namur
احسان,حسنی,Male,Ehsan,Hassani
اميررضا,لاهوتی,Male,Amir Reza,Lahouti
آرين,محجوب,Male,Arian,unobtrusive
عليرضا,هاشمی,Male,Alireza,Hashemi
سينا,معروف,Male,Sinai,famous
محمدامين,معین,Male,Mohamed Amine,Moein
آراد,هوشیار,Male,Arad,Hoshyar
علي,هومن,Male,Ali,Hooman
سجاد,هدایت,Male,Sajjad,Hedayat
طاها,قاضی,Male,Taha,Judge
حسام,ملکیان,Male,Hussam,Malekian
رضا,ضرغامی,Male,Reza,Zarghami
يوسف,یزدی,Male,Yousef,Yazdi
ماهان,نوبختی,Male,Mahan,Nubakhti
آرش,مجتبوی,Male,Arash,Mojtaba
مبين,نیلوفری,Male,Mobin,Lotus
ياسين,لاچینی,Male,Yasin,Lachini
علي,علیپور,Male,Ali,Alipour
اميرمهدي,عبدالمالکی,Male,Amir Mehdi,Abdul Maliki
عباس,فرجی,Male,Abbas,Faraji
پارسا,موسوی,Male,Parsa,Mousavi
محمدعلي,همدانی,Male,Mohamed Ali,Hamdani
کيان,موحد,Male,Kian,Movahed
محمدجواد,کمالی,Male,Mohammad Javad,Kamali
بنيامين,گلپایگانی,Male,Benjamin,Golpayegani
